Workbook

Sheet 음료유형분류
A1: No | B1: 대분류 | C1: 세부유형(식품유형) | D1: 식품공전 정의(주요원재료/함량기준) | E1: 주요 특성 | F1: 대표 제품 예시 | G1: 국내 예상 연매출(억원)
A2: 1 | B2: 과일·채소류음료 | C2: 과·채주스 | D2: 과일 또는 채소를 압착·착즙하거나 이에 식품 또는 식품첨가물을 가한 것. 과즙함량 100%(착즙 또는 농축환원). 직접 착즙(NFC) 또는 농축과즙을 원래 농도로 환원(FC)한 것 | E2: 천연과즙100%, 비타민·미네랄 풍부, 천연산미 | F2: 미닛메이드 오렌지100%, 델몬트 포도100%, 풀무원 아임리얼 | G2: 8500
A3: 2 | B3: 과일·채소류음료 | C3: 과·채음료 | D3: 과일·채소류의 착즙 또는 농축과즙에 식품 또는 식품첨가물을 가한 것으로 과즙함량 10% 이상 100% 미만. 당류·산미료·향료 등 첨가 가능 | E3: 과즙+당류+산미료 혼합, 다양한 맛·가격대 | F3: 써니텐, 캡리썬, 봉봉 | G3: 12000
A4: 3 | B4: 탄산음료류 | C4: 탄산음료 | D4: 먹는물에 식품 또는 식품첨가물과 탄산가스를 혼합한 것. 탄산가스 압력 0.5kg/cm² 이상. 당류·산미료·착색료·향료 등 사용 | E4: CO₂ 2.5~4.0GV, 청량감, 당류 함유 | F4: 코카콜라, 펩시콜라, 칠성사이다, 스프라이트 | G4: 35000
A5: 4 | B5: 탄산음료류 | C5: 탄산수 | D5: 먹는물에 탄산가스만을 혼합한 것 또는 탄산가스를 함유하는 자연수. 탄산가스 압력 0.5kg/cm² 이상. 무당·무칼로리 | E5: CO₂ 2.5~4.0GV, 무설탕, 제로칼로리 | F5: 트레비, 씨그램, 페리에, 초정탄산수 | G5: 5500
A6: 5 | B6: 유산균음료 | C6: 유산균음료(살균) | D6: 유가공품의 유산균 배양액을 살균 처리한 것. 무지유고형분 3% 이상. 살균 후 유산균 사멸 상태. 상온유통 가능 | E6: 유산균 배양액 기반, 상온보관 가능, 산미 | F6: 쿨피스 | G6: 2000
A7: 6 | B7: 유산균음료 | C7: 유산균음료(비살균) | D7: 유가공품의 유산균 배양액을 살균하지 않은 것. 무지유고형분 3% 이상. 유산균수 1ml당 10⁷ 이상(냉장). 냉장유통 필수 | E7: 냉장보관, 유산균 활성, 장건강 기능 | F7: 야쿠르트, 윌, R, 불가리스 | G7: 15000
A8: 7 | B8: 커피음료 | C8: 커피 | D8: 커피원두를 볶은 것 또는 이를 추출한 액에 식품 또는 식품첨가물을 가한 것. 조제커피: 커피고형분 0.5%이상+당류/유제품. 추출커피: 커피고형분 1.0%이상 | E8: 커피고형분 기준 충족, 카페인, 다양한 RTD형태 | F8: 조지아, 레쓰비, 칸타타, 스타벅스 RTD | G8: 22000
A9: 8 | B9: 차음료 | C9: 침출차 | D9: 차나무의 잎을 주원료로 하여 뜨거운 물 등으로 추출한 것. 녹차(불발효), 홍차(완전발효), 우롱차(반발효) 등. 추출물 고형분 기준 적용 | E9: 카테킨, 항산화, 소량 카페인, 전통차류 | F9: 립톤 아이스티, 보성녹차, 오설록 | G9: 3500
A10: 9 | B10: 차음료 | C10: 액상차 | D10: 식물성 원료(곡류·과일·채소·한약재 등)를 추출하여 음용하는 것에 식품 또는 식품첨가물을 가한 것. RTD 형태 | E10: 편의성, 다양한 풍미, 대용량 RTD | F10: 광동 옥수수수염차, 17차, 하늘보리 | G10: 9000
A11: 10 | B11: 차음료 | C11: 고형차 | D11: 식물성 원료를 주원료로 분말·과립 등 고형 형태로 가공한 것. 분말·과립·스틱형 | E11: 분말·스틱형, 용해 편의성, 휴대성 | F11: 맥심 모카믹스 티, 담터 율무차, 녹차분말 | G11: 4000
A12: 11 | B12: 두유류 | C12: 두유 | D12: 대두를 주원료로 하여 가공한 것. 대두고형분 7% 이상(두유), 4% 이상(두유액). 가당/무가당 구분 | E12: 식물성 단백질, 이소플라본, 칼슘 강화 | F12: 베지밀, 삼육두유, 매일두유 | G12: 8000
A13: 12 | B13: 기능성음료 | C13: 에너지음료 | D13: 혼합음료 또는 탄산음료에 카페인·타우린·비타민B군 등 기능성 원료를 강화한 음료. 카페인 총 함량 표시 의무(150mg 이하/개) | E13: 고카페인(≤150mg), 타우린, 에너지 부스트 | F13: 레드불, 몬스터, 핫식스 | G13: 7000
... A19: 18 | B19: 기타음료 | C19: 젤리음료(곤약젤리) | D19: 곤약분말(글루코만난) 또는 젤라틴 등을 사용하여 젤리 형태로 가공한 음료. 곤약 함량 1% 이상, 식이섬유 함유 | E19: 저칼로리, 식이섬유, 포만감, 간식 대용 | F19: 오리히로 곤약젤리, CJ곤약젤리 | G19: 3000

Sheet 시장제품DB
A1: No | B1: 대분류 | C1: 세부유형 | D1: 제품명 | E1: 제조사 | F1: 배합순위1(원재료/배합비%/원산지) | G1: 배합순위2 | H1: 배합순위3 | I1: 배합순위4 | J1: 배합순위5 | K1: 배합순위6 | L1: 배합순위7 | M1: 용량(ml) | N1: 포장용기 | O1: 가격(원) | P1: 비고 | Q1: 당도(Bx) | R1: 산도(%) | S1: pH | T1: 당산비
A2: 1 | B2: 과일·채소류 | C2: 과·채주스 | D2: 미닛메이드 오렌지100% | E2: 코카콜라 | F2: 오렌지농축과즙/20%/브라질 | G2: 정제수/80%/국내 | H2: — | I2: — | J2: — | K2: — | L2: — | M2: 1000 | N2: PET | O2: 3500 | P2: 농축환원
A3: 2 | B3: 과일·채소류 | C3: 과·채주스 | D3: 델몬트 포도100% | E3: 롯데칠성 | F3: 포도농축과즙/18%/칠레 | G3: 정제수/82%/국내 | H3: — | I3: — | J3: — | K3: — | L3: — | M3: 1000 | N3: PET | O3: 3500 | P3: 농축환원
A4: 3 | B4: 과일·채소류 | C4: 과·채주스 | D4: 풀무원 아임리얼 토마토 | E4: 풀무원 | F4: 토마토착즙/100%/국내 | G4: — | H4: — | I4: — | J4: — | K4: — | L4: — | M4: 190 | N4: 유리병 | O4: 2500 | P4: NFC,냉장
A5: 4 | B5: 과일·채소류 | C5: 과·채주스 | D5: 제주감귤 생과즙 | E5: 제주농협 | F5: 감귤착즙/100%/제주 | G5: — | H5: — | I5: — | J5: — | K5: — | L5: — | M5: 200 | N5: 파우치 | O5: 1800 | P5: NFC
A6: 5 | B6: 과일·채소류 | C6: 과·채주스 | D6: 매일 스위트컵 사과 | E6: 매일유업 | F6: 사과농축과즙/22%/국내 | G6: 정제수/78%/국내 | H6: — | I6: — | J6: — | K6: — | L6: — | M6: 200 | N6: 종이팩 | O6: 900
A7: 6 | B7: 과일·채소류 | C7: 과·채주스 | D7: 가야농장 석류100% | E7: 남양유업 | F7: 석류농축과즙/16%/이란 | G7: 정제수/84%/국내 | H7: — | I7: — | J7: — | K7: — | L7: — | M7: 1000 | N7: PET | O7: 4500
A8: 7 | B8: 과일·채소류 | C8: 과·채주스 | D8: 썬키스트 자몽100% | E8: 해태음료 | F8: 자몽농축과즙/20%/미국 | G8: 정제수/80%/국내 | H8: — | I8: — | J8: — | K8: — | L8: — | M8: 1000 | N8: PET | O8: 3800
A9: 8 | B9: 과일·채소류 | C9: 과·채주스 | D9: 델몬트 망고100% | E9: 롯데칠성 | F9: 망고농축과즙/20%/인도 | G9: 정제수/80%/국내 | H9: — | I9: — | J9: — | K9: — | L9: — | M9: 1000 | N9: PET | O9: 3800
A10: 9 | B10: 과일·채소류 | C10: 과·채주스 | D10: 상쾌한하루 야채 | E10: 한국야쿠르트 | F10: 당근농축즙/10%/국내 | G10: 토마토농축즙/8%/국내 | H10: 사과농축즙/5%/국내 | I10: 정제수/75%/국내 | J10: 비타민C/0.02%/중국 | K10: 구연산/0.08%/중국 | L10: 향료/0.9%/국내 | M10: 130 | N10: PET | O10: 1500 | P10: 야채주스
A11: 10 | B11: 과일·채소류 | C11: 과·채주스 | D11: 하루야채 그린 | E11: 한국야쿠르트 | F11: 케일농축즙/8%/국내 | G11: 브로콜리농축즙/6%/국내 | H11: 셀러리농축즙/4%/국내 | I11: 사과농축즙/5%/국내 | J11: 정제수/76%/국내 | K11: 비타민C/0.02%/중국 | L11: 향료/0.98%/국내 | M11: 130 | N11: PET | O11: 1500 | P11: 녹색채소
A12: 11 | B12: 과일·채소류 | C12: 과·채주스 | D12: 바나나는원래하얗다 | E12: 빙그레 | F12: 바나나농축과즙/15%/에콰도르 | G12: 정제수/75%/국내 | H12: 액상과당/8%/국내 | I12: 탈지분유/1.5%/국내 | J12: 향료/0.3%/국내 | K12: 유화제/0.1%/국내 | L12: 비타민C/0.1%/중국 | M12: 240 | N12: PE(HDPE) | O12: 1200 | P12: PE용기
A13: 12 | B13: 과일·채소류 | C13: 과·채주스 | D13: 매경 NFC 제주당근 | E13: 매경HN | F13: 당근착즙/100%/제주 | G13: — | H13: — | I13: — | J13: — | K13: — | L13: — | M13: 190 | N13: 유리병 | O13: 2800 | P13: NFC,냉장
A14: 13 | B14: 과일·채소류 | C14: 과·채음료 | D14: 써니텐 오렌지 | E14: 해태음료 | F14: 정제수/76%/국내 | G14: 액상과당/10%/국내 | H14: 오렌지농축과즙/10%/브라질 | I14: 구연산/0.3%/중국 | J14: 오렌지향/0.2%/국내 | K14: 비타민C/0.1%/중국 | L14: 베타카로틴/0.01%/독일 | M14: 240 | N14: 캔 | O14: 800
A15: 14 | B15: 과일·채소류 | C15: 과·채음료 | D15: 캡리썬 오렌지 | E15: 농심 | F15: 정제수/74%/국내 | G15: 설탕/11%/호주 | H15: 오렌지농축과즙/12%/브라질 | I15: 구연산/0.3%/중국 | J15: 비타민C/0.1%/중국 | K15: 오렌지향/0.15%/독일 | L15: — | M15: 200 | N15: 파우치 | O15: 700 | P15: 어린이용
A16: 15 | B16: 과일·채소류 | C16: 과·채음료 | D16: 봉봉 포도 | E16: 해태음료 | F16: 정제수/72%/국내 | G16: 포도농축과즙/12%/칠레 | H16: 액상과당/9%/국내 | I16: 나타데코코/5%/태국 | J16: 구연산/0.3%/중국 | K16: 포도향/0.2%/국내 | L16: 안토시아닌/0.01%/이탈리아 | M16: 500 | N16: PET | O16: 1800 | P16: 과립함유
A17: 16 | B17: 과일·채소류 | C17: 과·채음료 | D17: 미닛메이드 스파클링포도 | E17: 코카콜라 | F17: 정제수/70%/국내 | G17: 포도농축과즙/10%/칠레 | H17: 액상과당/8%/국내 | I17: 탄산가스/3%/국내 | J17: 구연산/0.3%/중국 | K17: 포도향/0.2%/국내 | L17: — | M17: 350 | N17: 캔 | O17: 1500 | P17: 탄산과즙
A18: 17 | B18: 과일·채소류 | C18: 과·채음료 | D18: 트로피카나 스파클링레몬 | E18: 롯데칠성 | F18: 정제수/78%/국내 | G18: 액상과당/9%/국내 | H18: 레몬농축과즙/5%/아르헨티나 | I18: 탄산가스/3%/국내 | J18: 구연산/0.5%/중국 | K18: 레몬향/0.2%/국내 | L18: 비타민C/0.05%/중국 | M18: 355 | N18: 캔 | O18: 1500
A19: 18 | B19: 과일·채소류 | C19: 과·채음료 | D19: 닥터유 제주감귤 | E19: 오리온 | F19: 정제수/68%/국내 | G19: 감귤과즙/25%/제주 | H19: 액상과당/5%/국내 | I19: 구연산/0.2%/중국 | J19: 비타민C/0.1%/중국 | K19: 감귤향/0.1%/국내 | L19: — | M19: 210 | N19: PET | O19: 1800 | P19: 유기농
A20: 19 | B20: 과일·채소류 | C20: 과·채음료 | D20: 델몬트 콜드 오렌지 | E20: 롯데칠성 | F20: 정제수/45%/국내 | G20: 오렌지농축과즙/50%/브라질 | H20: 구연산/0.2%/중국 | I20: 비타민C/0.05%/중국 | J20: 오렌지향/0.1%/국내 | K20: — | L20: — | M20: 190 | N20: PET | O20: 1500 | P20: 과즙50%
A21: 20 | B21: 과일·채소류 | C21: 과·채음료 | D21: ABC주스 | E21: 풀무원 | F21: 사과착즙/40%/국내 | G21: 비트착즙/30%/국내 | H21: 당근착즙/30%/국내 | I21: — | J21: — | K21: — | L21: — | M21: 200 | N21: 파우치 | O21: 2500 | P21: NFC
A22: 21 | B22: 과일·채소류 | C22: 과·채음료 | D22: 쿨피스 복숭아 | E22: 동아오츠카 | F22: 정제수/82%/국내 | G22: 액상과당/10%/국내 | H22: 복숭아농축과즙/3%/중국 | I22: 탈지분유/2%/뉴질랜드 | J22: 구연산/0.4%/중국 | K22: 복숭아향/0.2%/국내 | L22: 젖산/0.1%/일본 | M22: 345 | N22: PET | O22: 1200
A23: 22 | B23: 과일·채소류 | C23: 과·채음료 | D23: 롯데 델몬트 알로에 | E23: 롯데칠성 | F23: 정제수/73%/국내 | G23: 알로에과육/10%/태국 | H23: 액상과당/9%/국내 | I23: 포도농축과즙/5%/칠레 | J23: 구연산/0.3%/중국 | K23: 알로에향/0.1%/국내 | L23: CMC/0.05%/일본 | M23: 500 | N23: PP(내열) | O23: 1800 | P23: PP용기,과립
A24: 23 | B24: 과일·채소류 | C24: 과·채음료 | D24: 농심 웰치스 포도 | E24: 농심 | F24: 정제수/70%/국내 | G24: 포도농축과즙/15%/칠레 | H24: 액상과당/10%/국내 | I24: 구연산/0.4%/중국 | J24: 포도향/0.2%/국내 | K24: 안토시아닌/0.01%/이탈리아 | L24: 비타민C/0.05%/중국 | M24: 355 | N24: 캔 | O24: 1500
A25: 24 | B25: 과일·채소류 | C25: 과·채음료 | D25: 코코팜 망고 | E25: 해태음료 | F25: 정제수/68%/국내 | G25: 망고농축과즙/12%/인도 | H25: 액상과당/10%/국내 | I25: 나타데코코/6%/태국 | J25: 구연산/0.3%/중국 | K25: 망고향/0.2%/국내 | L25: 베타카로틴/0.01%/독일 | M25: 340 | N25: 캔 | O25: 1500 | P25: 과립함유
A26: 25 | B26: 탄산음료류 | C26: 탄산음료 | D26: 코카콜라 오리지널 | E26: 코카콜라 | F26: 정제수/86%/국내 | G26: 액상과당/10%/국내 | H26: 탄산가스/3%/국내 | I26: 카라멜색소/0.4%/국내 | J26: 인산/0.06%/일본 | K26: 천연향료/0.04%/미국 | L26: 카페인/0.01%/중국 | M26: 355 | N26: 캔 | O26: 1300
A27: 26 | B27: 탄산음료류 | C27: 탄산음료 | D27: 펩시콜라 | E27: 롯데칠성 | F27: 정제수/86%/국내 | G27: 액상과당/10%/국내 | H27: 탄산가스/3%/국내 | I27: 카라멜색소/0.4%/국내 | J27: 인산/0.06%/일본 | K27: 천연향료/0.04%/미국 | L27: 카페인/0.01%/중국 | M27: 355 | N27: 캔 | O27: 1200
A28: 27 | B28: 탄산음료류 | C28: 탄산음료 | D28: 스프라이트 | E28: 코카콜라 | F28: 정제수/86%/국내 | G28: 액상과당/10%/국내 | H28: 탄산가스/3%/국내 | I28: 구연산/0.4%/중국 | J28: 레몬라임향/0.1%/미국 | K28: — | L28: — | M28: 355 | N28: 캔 | O28: 1300 | P28: 레몬라임
A29: 28 | B29: 탄산음료류 | C29: 탄산음료 | D29: 칠성사이다 | E29: 롯데칠성 | F29: 정제수/87%/국내 | G29: 액상과당/9.5%/국내 | H29: 탄산가스/3%/국내 | I29: 구연산/0.35%/중국 | J29: 레몬라임향/0.1%/국내 | K29: — | L29: — | M29: 355 | N29: 캔 | O29: 1200
A30: 29 | B30: 탄산음료류 | C30: 탄산음료 | D30: 코카콜라 제로 | E30: 코카콜라 | F30: 정제수/96%/국내 | G30: 탄산가스/3%/국내 | H30: 카라멜색소/0.4%/국내 | I30: 인산/0.06%/일본 | J30: 아스파탐/0.05%/일본 | K30: 아세설팜K/0.03%/독일 | L30: 천연향료/0.04%/미국 | M30: 355 | N30: 캔 | O30: 1400 | P30: 무설탕
A31: 30 | B31: 탄산음료류 | C31: 탄산음료 | D31: 펩시 제로슈거 | E31: 롯데칠성 | F31: 정제수/96%/국내 | G31: 탄산가스/3%/국내 | H31: 카라멜색소/0.4%/국내 | I31: 인산/0.05%/일본 | J31: 수크랄로스/0.02%/중국 | K31: 아세설팜K/0.03%/독일 | L31: 천연향료/0.04%/미국 | M31: 355 | N31: 캔 | O31: 1300 | P31: 무설탕
A32: 31 | B32: 탄산음료류 | C32: 탄산음료 | D32: 환타 오렌지 | E32: 코카콜라 | F32: 정제수/82%/국내 | G32: 액상과당/10%/국내 | H32: 오렌지농축과즙/3%/브라질 | I32: 탄산가스/3%/국내 | J32: 구연산/0.3%/중국 | K32: 베타카로틴/0.02%/독일 | L32: 오렌지향/0.1%/미국 | M32: 355 | N32: 캔 | O32: 1300
A33: 32 | B33: 탄산음료류 | C33: 탄산음료 | D33: 닥터페퍼 | E33: 코카콜라 | F33: 정제수/86%/국내 | G33: 액상과당/10%/미국 | H33: 탄산가스/3%/미국 | I33: 카라멜색소/0.4%/미국 | J33: 인산/0.06%/미국 | K33: 천연향료/0.1%/미국 | L33: 카페인/0.01%/미국 | M33: 355 | N33: 캔 | O33: 1500 | P33: 수입
A34: 33 | B34: 탄산음료류 | C34: 탄산음료 | D34: 마운틴듀 | E34: 롯데칠성 | F34: 정제수/84%/국내 | G34: 액상과당/10%/국내 | H34: 탄산가스/3%/국내 | I34: 구연산/0.5%/중국 | J34: 오렌지농축과즙/1%/브라질 | K34: 카페인/0.02%/중국 | L34: 황색4호/0.01%/국내 | M34: 355 | N34: 캔 | O34: 1300
A35: 34 | B35: 탄산음료류 | C35: 탄산음료 | D35: 밀키스 | E35: 롯데칠성 | F35: 정제수/78%/국내 | G35: 액상과당/9%/국내 | H35: 탄산가스/3%/국내 | I35: 탈지분유/4%/뉴질랜드 | J35: 유청분말/3%/네덜란드 | K35: 구연산/0.3%/중국 | L35: 밀크향/0.15%/국내 | M35: 250 | N35: 캔 | O35: 1000 | P35: 유성탄산
A36: 35 | B36: 탄산음료류 | C36: 탄산음료 | D36: 이온더핏 스파클링 | E36: CJ제일제당 | F36: 정제수/88%/국내 | G36: 탄산가스/3%/국내 | H36: 이소말트올리고당/5%/국내 | I36: 구연산/0.4%/중국 | J36: 염화나트륨/0.15%/국내 | K36: 비타민C/0.05%/중국 | L36: 레몬향/0.1%/국내 | M36: 350 | N36: PP(내열) | O36: 1500 | P36: PP용기
A37: 36 | B37: 탄산음료류 | C37: 탄산음료 | D37: 웰치스 소다 포도 | E37: 농심 | F37: 정제수/74%/국내 | G37: 포도농축과즙/10%/칠레 | H37: 액상과당/8%/국내 | I37: 탄산가스/3%/국내 | J37: 구연산/0.3%/중국 | K37: 포도향/0.2%/국내 | L37: 안토시아닌/0.01%/이탈리아 | M37: 355 | N37: 캔 | O37: 1500
A38: 37 | B38: 탄산음료류 | C38: 탄산수 | D38: 트레비 레몬 | E38: 롯데칠성 | F38: 정제수/96.5%/국내 | G38: 탄산가스/3%/국내 | H38: 레몬향/0.3%/국내 | I38: 구연산/0.2%/중국 | J38: — | K38: — | L38: — | M38: 500 | N38: PET | O38: 1200 | P38: 플레이버
A39: 38 | B39: 탄산음료류 | C39: 탄산수 | D39: 씨그램 플레인 | E39: 코카콜라 | F39: 정제수/97%/국내 | G39: 탄산가스/3%/국내 | H39: — | I39: — | J39: — | K39: — | L39: — | M39: 450 | N39: PET | O39: 1200 | P39: 플레인
A40: 39 | B40: 탄산음료류 | C40: 탄산수 | D40: 초정탄산수 | E40: 일화 | F40: 천연광천수/97%/국내(청주) | G40: 탄산가스/3%/국내 | H40: — | I40: — | J40: — | K40: — | L40: — | M40: 500 | N40: PET | O40: 1300 | P40: 천연탄산수
A41: 40 | B41: 탄산음료류 | C41: 탄산수 | D41: 페리에 | E41: 네슬레 | F41: 천연탄산수/100%/프랑스 | G41: — | H41: — | I41: — | J41: — | K41: — | L41: — | M41: 330 | N41: 유리병 | O41: 2500 | P41: 수입
A42: 41 | B42: 탄산음료류 | C42: 탄산수 | D42: 산펠레그리노 | E42: 산펠레그리노 | F42: 천연탄산수/100%/이탈리아 | G42: — | H42: — | I42: — | J42: — | K42: — | L42: — | M42: 500 | N42: 유리병 | O42: 3000 | P42: 수입
A43: 42 | B43: 탄산음료류 | C43: 탄산수 | D43: 백산수 스파클링 | E43: 농심 | F43: 백두산광천수/97%/중국 | G43: 탄산가스/3%/국내 | H43: — | I43: — | J43: — | K43: — | L43: — | M43: 350 | N43: PET | O43: 1500
A44: 43 | B44: 커피음료 | C44: 커피 | D44: 조지아 오리지널 | E44: 코카콜라 | F44: 정제수/68%/국내 | G44: 우유/15%/국내 | H44: 설탕/8%/호주 | I44: 커피추출액/7%/콜롬비아 | J44: 탈지분유/1%/뉴질랜드 | K44: 유화제/0.3%/국내 | L44: 커피향/0.1%/국내 | M44: 240 | N44: 캔 | O44: 1200
A45: 44 | B45: 커피음료 | C45: 커피 | D45: 레쓰비 마일드 | E45: 롯데칠성 | F45: 정제수/70%/국내 | G45: 우유/12%/국내 | H45: 설탕/8%/호주 | I45: 커피추출액/6%/브라질 | J45: 탈지분유/2%/뉴질랜드 | K45: 유화제/0.3%/국내 | L45: 커피향/0.1%/국내 | M45: 240 | N45: 캔 | O45: 800
A46: 45 | B46: 커피음료 | C46: 커피 | D46: 칸타타 프리미엄라떼 | E46: 롯데칠성 | F46: 정제수/55%/국내 | G46: 우유/25%/국내 | H46: 설탕/7%/호주 | I46: 커피추출액/10%/콜롬비아 | J46: 탈지분유/2%/뉴질랜드 | K46: 유화제/0.3%/국내 | L46: 커피향/0.1%/국내 | M46: 275 | N46: 캔 | O46: 1500 | P46: 프리미엄
A47: 46 | B47: 커피음료 | C47: 커피 | D47: 스타벅스 더블샷 | E47: 동서식품 | F47: 정제수/50%/국내 | G47: 우유/25%/국내 | H47: 커피추출액/15%/콜롬비아 | I47: 설탕/7%/호주 | J47: 탈지분유/2%/뉴질랜드 | K47: 유화제/0.3%/국내 | L47: — | M47: 200 | N47: 캔 | O47: 2500 | P47: RTD
A48: 47 | B48: 커피음료 | C48: 커피 | D48: 매일 바리스타 콜드브루 | E48: 매일유업 | F48: 정제수/50%/국내 | G48: 우유/30%/국내 | H48: 콜드브루커피추출액/12%/에티오피아 | I48: 설탕/6%/호주 | J48: 유화제/0.3%/국내 | K48: 커피향/0.1%/국내 | L48: — | M48: 350 | N48: PET | O48: 2800 | P48: 콜드브루
A49: 48 | B49: 커피음료 | C49: 커피 | D49: 빙그레 아카페라 아메리카노 | E49: 빙그레 | F49: 정제수/87%/국내 | G49: 커피추출액/12%/브라질 | H49: 구연산나트륨/0.2%/중국 | I49: 비타민C/0.05%/중국 | J49: — | K49: — | L49: — | M49: 235 | N49: 캔 | O49: 1300 | P49: 블랙
A50: 49 | B50: 커피음료 | C50: 커피 | D50: 맥심 TOP 아메리카노 | E50: 동서식품 | F50: 정제수/85%/국내 | G50: 커피추출액/14%/콜롬비아 | H50: 탄산수소나트륨/0.1%/국내 | I50: — | J50: — | K50: — | L50: — | M50: 275 | N50: 캔 | O50: 1400
A51: 50 | B51: 커피음료 | C51: 커피 | D51: 프렌치카페 카페라떼 | E51: 남양유업 | F51: 정제수/50%/국내 | G51: 우유/28%/국내 | H51: 커피추출액/10%/브라질 | I51: 설탕/8%/호주 | J51: 탈지분유/3%/뉴질랜드 | K51: 유화제/0.3%/국내 | L51: 커피향/0.1%/국내 | M51: 200 | N51: PP(컵) | O51: 2000 | P51: PP컵용기
A52: 51 | B52: 커피음료 | C52: 커피 | D52: 이디야 비니스트 아메리카노 | E52: 이디야 | F52: 정제수/86%/국내 | G52: 커피추출액/13%/과테말라 | H52: 탄산수소나트륨/0.1%/국내 | I52: — | J52: — | K52: — | L52: — | M52: 350 | N52: PET | O52: 2500
A53: 52 | B53: 커피음료 | C53: 커피 | D53: 콜드브루 바빈스키 | E53: 매일유업 | F53: 정제수/84%/국내 | G53: 콜드브루커피추출액/16%/에티오피아 | H53: — | I53: — | J53: — | K53: — | L53: — | M53: 350 | N53: PET | O53: 3500 | P53: 스페셜티
A54: 53 | B54: 커피음료 | C54: 커피 | D54: 매일 마이카페라떼 | E54: 매일유업 | F54: 정제수/48%/국내 | G54: 우유/30%/국내 | H54: 커피추출액/10%/콜롬비아 | I54: 설탕/7%/호주 | J54: 탈지분유/3%/뉴질랜드 | K54: 유화제/0.3%/국내 | L54: 바닐라향/0.1%/국내 | M54: 230 | N54: PE(HDPE) | O54: 1500 | P54: PE용기
A55: 54 | B55: 커피음료 | C55: 커피 | D55: 서울우유 커피 | E55: 서울우유 | F55: 정제수/55%/국내 | G55: 우유/25%/국내 | H55: 설탕/8%/호주 | I55: 커피추출액/8%/브라질 | J55: 탈지분유/3%/뉴질랜드 | K55: 유화제/0.3%/국내 | L55: 커피향/0.1%/국내 | M55: 200 | N55: PE(HDPE) | O55: 1000 | P55: PE용기
A56: 55 | B56: 차음료 | C56: 액상차 | D56: 광동 옥수수수염차 | E56: 광동제약 | F56: 정제수/98%/국내 | G56: 옥수수수염추출물/1.5%/국내 | H56: 비타민C/0.02%/중국 | I56: 향료/0.05%/국내 | J56: — | K56: — | L56: — | M56: 340 | N56: PET | O56: 1500
A57: 56 | B57: 차음료 | C57: 액상차 | D57: 17차 | E57: 남양유업 | F57: 정제수/96%/국내 | G57: 17종곡물차추출물/3%/국내 | H57: 비타민C/0.02%/중국 | I57: 향료/0.05%/국내 | J57: — | K57: — | L57: — | M57: 340 | N57: PET | O57: 1500 | P57: 블렌딩차
A58: 57 | B58: 차음료 | C58: 액상차 | D58: 하늘보리 | E58: 웅진식품 | F58: 정제수/97%/국내 | G58: 보리추출물/2%/국내 | H58: 비타민C/0.02%/중국 | I58: 향료/0.05%/국내 | J58: — | K58: — | L58: — | M58: 340 | N58: PET | O58: 1200
A59: 58 | B59: 차음료 | C59: 액상차 | D59: 광동 헛개차 | E59: 광동제약 | F59: 정제수/97.5%/국내 | G59: 헛개나무열매추출물/2%/국내 | H59: 비타민C/0.02%/중국 | I59: 향료/0.05%/국내 | J59: — | K59: — | L59: — | M59: 340 | N59: PET | O59: 1500
A60: 59 | B60: 차음료 | C60: 침출차 | D60: 립톤 아이스티 레몬 | E60: 유니레버 | F60: 정제수/82%/국내 | G60: 설탕/10%/호주 | H60: 홍차추출물/3%/스리랑카 | I60: 구연산/0.5%/중국 | J60: 레몬향/0.2%/영국 | K60: 비타민C/0.05%/중국 | L60: 카라멜색소/0.05%/국내 | M60: 340 | N60: 캔 | O60: 1300
A61: 60 | B61: 차음료 | C61: 액상차 | D61: 아침햇살 | E61: 웅진식품 | F61: 정제수/85%/국내 | G61: 현미추출물/5%/국내 | H61: 액상과당/8%/국내 | I61: 구연산/0.3%/중국 | J61: 향료/0.1%/국내 | K61: — | L61: — | M61: 340 | N61: PET | O61: 1200 | P61: 곡물차
A62: 61 | B62: 차음료 | C62: 액상차 | D62: 광동 쌍화차 | E62: 광동제약 | F62: 정제수/86%/국내 | G62: 쌍화추출물(작약,감초등)/5%/국내 | H62: 액상과당/7%/국내 | I62: 계피추출물/1%/베트남 | J62: 당귀추출물/0.5%/국내 | K62: 향료/0.1%/국내 | L62: — | M62: 175 | N62: 캔 | O62: 1500 | P62: 한방차
A63: 62 | B63: 차음료 | C63: 액상차 | D63: 담터 생강차 | E63: 담터 | F63: 정제수/83%/국내 | G63: 생강추출물/5%/국내 | H63: 벌꿀/5%/국내 | I63: 액상과당/5%/국내 | J63: 구연산/0.2%/중국 | K63: 향료/0.1%/국내 | L63: — | M63: 340 | N63: PET | O63: 1500
A64: 63 | B64: 차음료 | C64: 액상차 | D64: 꽃샘 아침에꿀물 | E64: 꽃샘식품 | F64: 정제수/88%/국내 | G64: 벌꿀/6%/국내 | H64: 레몬농축과즙/3%/아르헨티나 | I64: 구연산/0.2%/중국 | J64: 비타민C/0.05%/중국 | K64: 레몬향/0.1%/국내 | L64: — | M64: 340 | N64: PET | O64: 1500
A65: 64 | B65: 차음료 | C65: 액상차 | D65: 보성녹차 | E65: 동원F&B | F65: 정제수/98%/국내 | G65: 녹차추출물/1.5%/보성 | H65: 비타민C/0.02%/중국 | I65: 향료/0.03%/국내 | J65: — | K65: — | L65: — | M65: 500 | N65: PET | O65: 1500
A66: 65 | B66: 두유류 | C66: 두유 | D66: 베지밀 오리지널 | E66: 정식품 | F66: 정제수/70%/국내 | G66: 대두/12%/국내 | H66: 설탕/8%/호주 | I66: 식물성유지/4%/말레이시아 | J66: 대두단백/3%/국내 | K66: 향료/0.2%/국내 | L66: 유화제/0.1%/국내 | M66: 190 | N66: 종이팩 | O66: 900
A67: 66 | B67: 두유류 | C67: 두유 | D67: 삼육두유 검은콩 | E67: 삼육식품 | F67: 정제수/72%/국내 | G67: 검은콩/10%/국내 | H67: 설탕/8%/호주 | I67: 식물성유지/4%/말레이시아 | J67: 대두단백/3%/국내 | K67: 향료/0.2%/국내 | L67: 유화제/0.1%/국내 | M67: 190 | N67: 종이팩 | O67: 800
A68: 67 | B68: 두유류 | C68: 두유 | D68: 매일 소이라떼 | E68: 매일유업 | F68: 정제수/60%/국내 | G68: 대두/10%/국내 | H68: 설탕/8%/호주 | I68: 커피추출액/8%/브라질 | J68: 식물성유지/4%/말레이시아 | K68: 대두단백/3%/국내 | L68: 유화제/0.2%/국내 | M68: 200 | N68: 종이팩 | O68: 1200 | P68: 커피두유
A69: 68 | B69: 두유류 | C69: 두유 | D69: 베지밀 인펀트 | E69: 정식품 | F69: 정제수/74%/국내 | G69: 대두단백/10%/국내 | H69: 식물성유지/6%/말레이시아 | I69: 비타민프리믹스/2%/미국 | J69: 미네랄프리믹스/2%/미국 | K69: 설탕/4%/호주 | L69: 유화제/0.2%/국내 | M69: 190 | N69: 종이팩 | O69: 1000 | P69: 영유아용
A70: 69 | B70: 두유류 | C70: 두유 | D70: 연세두유 뼈에쏙쏙 | E70: 연세우유 | F70: 정제수/70%/국내 | G70: 대두/12%/국내 | H70: 설탕/8%/호주 | I70: 식물성유지/4%/말레이시아 | J70: 탄산칼슘/2%/일본 | K70: 대두단백/2%/국내 | L70: 유화제/0.2%/국내 | M70: 200 | N70: 종이팩 | O70: 900
A71: 70 | B71: 두유류 | C71: 두유 | D71: 정식품 검은콩깨두유 | E71: 정식품 | F71: 정제수/68%/국내 | G71: 검은콩/10%/국내 | H71: 참깨/5%/국내 | I71: 설탕/7%/호주 | J71: 식물성유지/4%/말레이시아 | K71: 대두단백/3%/국내 | L71: 유화제/0.2%/국내 | M71: 190 | N71: PE(HDPE) | O71: 900 | P71: PE용기
A72: 71 | B72: 두유류 | C72: 두유 | D72: 매일 오트밀크 | E72: 매일유업 | F72: 정제수/80%/국내 | G72: 귀리/10%/핀란드 | H72: 식물성유지/4%/말레이시아 | I72: 설탕/3%/호주 | J72: 해바라기유/1.5%/국내 | K72: 탄산칼슘/0.5%/일본 | L72: 유화제/0.2%/국내 | M72: 190 | N72: 종이팩 | O72: 1500 | P72: 식물성대체유
A73: 72 | B73: 기능성음료 | C73: 에너지음료 | D73: 레드불 | E73: 레드불 | F73: 정제수/80%/오스트리아 | G73: 설탕/11%/EU | H73: 타우린/0.4%/일본 | I73: 카페인/0.03%/중국 | J73: 비타민B군프리믹스/0.1%/독일 | K73: 구연산/0.2%/중국 | L73: 향료/0.1%/오스트리아 | M73: 250 | N73: 캔 | O73: 2500 | P73: 수입
A74: 73 | B74: 기능성음료 | C74: 에너지음료 | D74: 몬스터 에너지 | E74: 코카콜라 | F74: 정제수/78%/미국 | G74: 설탕/12%/미국 | H74: 타우린/0.4%/일본 | I74: 카페인/0.04%/중국 | J74: 인삼추출물/0.1%/한국 | K74: 비타민B군/0.1%/독일 | L74: 구연산/0.3%/중국 | M74: 355 | N74: 캔 | O74: 2200 | P74: 수입
A75: 74 | B75: 기능성음료 | C75: 에너지음료 | D75: 핫식스 | E75: 롯데칠성 | F75: 정제수/82%/국내 | G75: 액상과당/10%/국내 | H75: 타우린/0.4%/일본 | I75: 가라나추출물/0.2%/브라질 | J75: 카페인/0.03%/중국 | K75: 구연산/0.3%/중국 | L75: 비타민B군/0.1%/독일 | M75: 250 | N75: 캔 | O75: 1200
A76: 75 | B76: 기능성음료 | C76: 에너지음료 | D76: 셀렉스 파워부스터 | E76: 매일유업 | F76: 정제수/83%/국내 | G76: 액상과당/8%/국내 | H76: 아르기닌/1%/일본 | I76: 카페인/0.03%/중국 | J76: 타우린/0.3%/일본 | K76: 비타민B군/0.1%/독일 | L76: 구연산/0.3%/중국 | M76: 250 | N76: 캔 | O76: 1800
A77: 76 | B77: 기능성음료 | C77: 에너지음료 | D77: 번 인텐스 | E77: 코카콜라 | F77: 정제수/82%/국내 | G77: 액상과당/10%/국내 | H77: 타우린/0.4%/일본 | I77: 가라나추출물/0.2%/브라질 | J77: 카페인/0.03%/중국 | K77: 구연산/0.3%/중국 | L77: 향료/0.1%/국내 | M77: 250 | N77: 캔 | O77: 1500
A78: 77 | B78: 기능성음료 | C78: 에너지음료 | D78: 경남제약 레모나 에너지 | E78: 경남제약 | F78: 정제수/83%/국내 | G78: 액상과당/8%/국내 | H78: 타우린/0.3%/일본 | I78: 카페인/0.03%/중국 | J78: 비타민C/0.5%/중국 | K78: 비타민B군/0.1%/독일 | L78: 레몬향/0.1%/국내 | M78: 250 | N78: 캔 | O78: 1500
A79: 78 | B79: 기능성음료 | C79: 이온음료 | D79: 포카리스웨트 | E79: 동아오츠카 | F79: 정제수/90%/국내 | G79: 액상과당/6%/국내 | H79: 구연산/0.3%/중국 | I79: 염화나트륨/0.12%/국내 | J79: 염화칼륨/0.04%/일본 | K79: 구연산나트륨/0.15%/중국 | L79: 향료/0.1%/일본 | M79: 340 | N79: PET | O79: 1500
A80: 79 | B80: 기능성음료 | C80: 이온음료 | D80: 게토레이 | E80: 롯데칠성 | F80: 정제수/91%/국내 | G80: 액상과당/5%/국내 | H80: 구연산/0.3%/중국 | I80: 염화나트륨/0.15%/국내 | J80: 염화칼륨/0.04%/일본 | K80: 인산나트륨/0.05%/일본 | L80: 향료/0.1%/미국 | M80: 600 | N80: PET | O80: 1800
A81: 80 | B81: 기능성음료 | C81: 이온음료 | D81: 파워에이드 | E81: 코카콜라 | F81: 정제수/91%/국내 | G81: 액상과당/5%/국내 | H81: 구연산/0.3%/중국 | I81: 염화나트륨/0.12%/국내 | J81: 염화칼륨/0.04%/일본 | K81: 비타민B군/0.05%/독일 | L81: 향료/0.1%/미국 | M81: 600 | N81: PET | O81: 1800
A82: 81 | B82: 기능성음료 | C82: 이온음료 | D82: 토레타 | E82: 코카콜라 | F82: 정제수/94%/국내 | G82: 액상과당/3%/국내 | H82: 구연산/0.3%/중국 | I82: 염화나트륨/0.1%/국내 | J82: 비타민C/0.05%/중국 | K82: 자몽향/0.1%/미국 | L82: 스테비아/0.005%/중국 | M82: 340 | N82: PET | O82: 1500 | P82: 저칼로리
A83: 82 | B83: 기능성음료 | C83: 이온음료 | D83: 나랑드사이다 스포츠 | E83: 롯데칠성 | F83: 정제수/88%/국내 | G83: 액상과당/5%/국내 | H83: 탄산가스/3%/국내 | I83: 구연산/0.3%/중국 | J83: 염화나트륨/0.12%/국내 | K83: 구연산나트륨/0.1%/중국 | L83: 향료/0.1%/국내 | M83: 350 | N83: 캔 | O83: 1300 | P83: 탄산이온
A84: 83 | B84: 기능성음료 | C84: 이온음료 | D84: 링티 | E84: 링거워터 | F84: 정제수/95%/국내 | G84: 포도당/2%/국내 | H84: 염화나트륨/0.3%/국내 | I84: 염화칼륨/0.1%/일본 | J84: 구연산나트륨/0.2%/중국 | K84: 비타민C/0.05%/중국 | L84: 레몬향/0.05%/국내 | M84: 262 | N84: PP(스파우트파우치) | O84: 1800 | P84: PP파우치
A85: 84 | B85: 기능성음료 | C85: 비타민음료 | D85: 비타500 | E85: 광동제약 | F85: 정제수/85%/국내 | G85: 액상과당/8%/국내 | H85: 비타민C/0.5%/중국 | I85: 구연산/0.3%/중국 | J85: 비타민B군/0.05%/독일 | K85: 레몬향/0.1%/국내 | L85: — | M85: 100 | N85: 유리병 | O85: 800
A86: 85 | B86: 기능성음료 | C86: 비타민음료 | D86: 비타민워터 | E86: 코카콜라 | F86: 정제수/92%/국내 | G86: 액상과당/5%/국내 | H86: 비타민C/0.1%/중국 | I86: 비타민B6/0.01%/독일 | J86: 구연산/0.2%/중국 | K86: 향료/0.1%/미국 | L86: — | M86: 500 | N86: PET | O86: 1800
A87: 86 | B87: 기능성음료 | C87: 비타민음료 | D87: 데일리C 레몬 | E87: 롯데칠성 | F87: 정제수/83%/국내 | G87: 액상과당/7%/국내 | H87: 레몬농축과즙/5%/아르헨티나 | I87: 비타민C/0.5%/중국 | J87: 구연산/0.3%/중국 | K87: 레몬향/0.1%/국내 | L87: — | M87: 140 | N87: PET | O87: 1200
A88: 87 | B88: 기능성음료 | C88: 비타민음료 | D88: 비타파워 | E88: 광동제약 | F88: 정제수/88%/국내 | G88: 액상과당/6%/국내 | H88: 비타민C/0.3%/중국 | I88: 비타민B군/0.1%/독일 | J88: 구연산/0.3%/중국 | K88: 레몬향/0.1%/국내 | L88: — | M88: 340 | N88: PET | O88: 1500
A89: 88 | B89: 기능성음료 | C89: 비타민음료 | D89: 유한양행 컨디션 | E89: 유한양행 | F89: 정제수/82%/국내 | G89: 액상과당/7%/국내 | H89: 비타민C/0.3%/중국 | I89: 헛개추출물/3%/국내 | J89: 강황추출물/2%/인도 | K89: 구연산/0.3%/중국 | L89: 향료/0.1%/국내 | M89: 100 | N89: 유리병 | O89: 3000 | P89: 숙취해소
A90: 89 | B90: 유산균음료 | C90: 유산균음료(비살균) | D90: 야쿠르트 라이트 | E90: 한국야쿠르트 | F90: 정제수/60%/국내 | G90: 탈지분유/15%/뉴질랜드 | H90: 액상과당/12%/국내 | I90: 유산균배양액/10%/국내 | J90: 향료/0.2%/국내 | K90: 구연산/0.3%/중국 | L90: — | M90: 65 | N90: PS용기 | O90: 300 | P90: 냉장
A91: 90 | B91: 유산균음료 | C91: 유산균음료(비살균) | D91: 윌 | E91: 한국야쿠르트 | F91: 정제수/55%/국내 | G91: 탈지분유/18%/뉴질랜드 | H91: 유산균배양액/12%/국내 | I91: 프락토올리고당/8%/국내 | J91: 구연산/0.3%/중국 | K91: 향료/0.2%/국내 | L91: 비타민D/0.01%/독일 | M91: 150 | N91: PET | O91: 2000 | P91: 프리미엄
A92: 91 | B92: 유산균음료 | C92: 유산균음료(비살균) | D92: 불가리스 | E92: 남양유업 | F92: 정제수/55%/국내 | G92: 탈지분유/17%/뉴질랜드 | H92: 유산균배양액/12%/국내 | I92: 액상과당/10%/국내 | J92: 프락토올리고당/3%/국내 | K92: 향료/0.2%/국내 | L92: 구연산/0.3%/중국 | M92: 150 | N92: PET | O92: 1500
A93: 92 | B93: 유산균음료 | C93: 유산균음료(살균) | D93: 쿨피스 | E93: 동아오츠카 | F93: 정제수/68%/국내 | G93: 탈지분유/12%/뉴질랜드 | H93: 액상과당/10%/국내 | I93: 유산균배양액(살균)/6%/국내 | J93: 구연산/0.4%/중국 | K93: 향료/0.2%/국내 | L93: — | M93: 345 | N93: PET | O93: 1200 | P93: 상온
A94: 93 | B94: 유산균음료 | C94: 유산균음료(비살균) | D94: 장에는장 | E94: 서울우유 | F94: 정제수/56%/국내 | G94: 탈지분유/16%/뉴질랜드 | H94: 유산균배양액/12%/국내 | I94: 이소말트올리고당/8%/국내 | J94: 구연산/0.3%/중국 | K94: 향료/0.2%/국내 | L94: 비타민C/0.05%/중국 | M94: 130 | N94: PET | O94: 1500
A95: 94 | B95: 유산균음료 | C95: 유산균음료(비살균) | D95: 뚱뚱이 유산균 | E95: 빙그레 | F95: 정제수/58%/국내 | G95: 탈지분유/16%/뉴질랜드 | H95: 유산균배양액/11%/국내 | I95: 액상과당/9%/국내 | J95: 구연산/0.3%/중국 | K95: 딸기향/0.2%/국내 | L95: 색소/0.01%/국내 | M95: 130 | N95: PE(HDPE) | O95: 800 | P95: PE용기
A96: 95 | B96: 혼합음료 | C96: 혼합음료 | D96: 코코팜 | E96: 해태음료 | F96: 정제수/68%/국내 | G96: 코코넛과즙/8%/태국 | H96: 나타데코코/6%/태국 | I96: 액상과당/10%/국내 | J96: 구연산/0.3%/중국 | K96: 코코넛향/0.2%/태국 | L96: CMC/0.05%/일본 | M96: 340 | N96: 캔 | O96: 1500 | P96: 과립함유
A97: 96 | B97: 혼합음료 | C97: 혼합음료 | D97: 맥콜 | E97: 일화 | F97: 정제수/78%/국내 | G97: 보리추출물/5%/국내 | H97: 액상과당/9%/국내 | I97: 탄산가스/3%/국내 | J97: 구연산/0.3%/중국 | K97: 카라멜색소/0.2%/국내 | L97: 향료/0.1%/국내 | M97: 250 | N97: 캔 | O97: 1000 | P97: 보리탄산
A98: 97 | B98: 혼합음료 | C98: 혼합음료 | D98: 갈배사이다 | E98: 해태음료 | F98: 정제수/75%/국내 | G98: 배농축과즙/8%/국내 | H98: 액상과당/7%/국내 | I98: 탄산가스/3%/국내 | J98: 구연산/0.3%/중국 | K98: 배향/0.2%/국내 | L98: 비타민C/0.05%/중국 | M98: 355 | N98: 캔 | O98: 1300
A99: 98 | B99: 혼합음료 | C99: 혼합음료 | D99: 알로에킹 | E99: OKF | F99: 정제수/72%/국내 | G99: 알로에과육/10%/태국 | H99: 액상과당/10%/국내 | I99: 구연산/0.3%/중국 | J99: 알로에향/0.2%/국내 | K99: CMC/0.05%/일본 | L99: 비타민C/0.05%/중국 | M99: 500 | N99: PET | O99: 1800 | P99: 과립함유
A100: 99 | B100: 혼합음료 | C100: 혼합음료 | D100: 코코넛워터 | E100: 롯데칠성 | F100: 코코넛워터/95%/태국 | G100: 설탕/3%/호주 | H100: 구연산/0.2%/중국 | I100: 비타민C/0.05%/중국 | J100: — | K100: — | L100: — | M100: 340 | N100: PET | O100: 2000
...

Sheet 원료DB
A1: No | B1: 원료대분류 | C1: 원료소분류 | D1: 원료명 | E1: Brix(°) | F1: pH | G1: 산도(%) | H1: 감미도(설탕대비) | I1: 주요성분 | J1: 공급형태 | K1: 보관조건 | L1: 예상단가(원/kg) | M1: 1%사용시 Brix기여(°) | N1: 1%사용시 pH영향 | O1: 1%사용시 산도기여(%) | P1: 1%사용시 감미기여 | Q1: 비고
A2: 1 | B2: 과즙농축액 | C2: 감귤류 | D2: 오렌지농축과즙(65Brix) | E2: 65 | F2: 3.5 | G2: 4.5 | H2: 0 | I2: 비타민C, 구연산, 헤스페리딘 | J2: 액상(드럼) | K2: 냉장 0~5℃ | L2: 4500 | M2: 0.65 | N2: ↓3.5방향 | O2: 0.045 | P2: 0 | Q2: 5배농축
A3: 2 | B3: 과즙농축액 | C3: 감귤류 | D3: 자몽농축과즙(55Brix) | E3: 55 | F3: 3 | G3: 5 | H3: 0 | I3: 나린진, 비타민C, 구연산 | J3: 액상(드럼) | K3: 냉장 0~5℃ | L3: 5000 | M3: 0.55 | N3: ↓3.0방향 | O3: 0.05 | P3: 0 | Q3: 5배농축
A4: 3 | B4: 과즙농축액 | C4: 감귤류 | D4: 레몬농축과즙(45Brix) | E4: 45 | F4: 2.2 | G4: 6.5 | H4: 0 | I4: 구연산, 비타민C, 리모넨 | J4: 액상(드럼) | K4: 냉장 0~5℃ | L4: 5500 | M4: 0.45 | N4: ↓2.2방향 | O4: 0.065 | P4: 0 | Q4: 4배농축, 고산
A5: 4 | B5: 과즙농축액 | C5: 감귤류 | D5: 라임농축과즙(45Brix) | E5: 45 | F5: 2 | G5: 7 | H5: 0 | I5: 구연산, 비타민C | J5: 액상(드럼) | K5: 냉장 0~5℃ | L5: 6000 | M5: 0.45 | N5: ↓2.0방향 | O5: 0.07 | P5: 0 | Q5: 4배농축
A6: 5 | B6: 과즙농축액 | C6: 감귤류 | D6: 감귤농축과즙(60Brix) | E6: 60 | F6: 3.5 | G6: 4 | H6: 0 | I6: 비타민C, 헤스페리딘 | J6: 액상(드럼) | K6: 냉장 0~5℃ | L6: 5000 | M6: 0.6 | N6: ↓3.5방향 | O6: 0.04 | P6: 0 | Q6: 4배농축
A7: 6 | B7: 과즙농축액 | C7: 감귤류 | D7: 유자농축과즙(55Brix) | E7: 55 | F7: 2.8 | G7: 5.5 | H7: 0 | I7: 유자향(리모넨), 비타민C | J7: 액상(드럼) | K7: 냉장 0~5℃ | L7: 8000 | M7: 0.55 | N7: ↓2.8방향 | O7: 0.055 | P7: 0 | Q7: 국산
A8: 7 | B8: 과즙농축액 | C8: 감귤류 | D8: 금귤농축과즙(50Brix) | E8: 50 | F8: 3.2 | G8: 4.5 | H8: 0 | I8: 비타민C, 플라보노이드 | J8: 액상(드럼) | K8: 냉장 0~5℃ | L8: 9000 | M8: 0.5 | N8: ↓3.2방향 | O8: 0.045 | P8: 0
A9: 8 | B9: 과즙농축액 | C9: 감귤류 | D9: 탄제린농축과즙(60Brix) | E9: 60 | F9: 3.6 | G9: 3.8 | H9: 0 | I9: 비타민C, 카로티노이드 | J9: 액상(드럼) | K9: 냉장 0~5℃ | L9: 5500 | M9: 0.6 | N9: ↓3.6방향 | O9: 0.038 | P9: 0
A10: 9 | B10: 과즙농축액 | C10: 열대과일 | D10: 망고농축과즙(65Brix) | E10: 65 | F10: 4 | G10: 2 | H10: 0 | I10: 비타민A, 베타카로틴, 당류 | J10: 액상(드럼) | K10: 냉장 0~5℃ | L10: 5500 | M10: 0.65 | N10: ↓4.0방향 | O10: 0.02 | P10: 0 | Q10: 5배농축
A11: 10 | B11: 과즙농축액 | C11: 열대과일 | D11: 파인애플농축과즙(62Brix) | E11: 62 | F11: 3.5 | G11: 3.5 | H11: 0 | I11: 브로멜린, 비타민C, 구연산 | J11: 액상(드럼) | K11: 냉장 0~5℃ | L11: 4000 | M11: 0.62 | N11: ↓3.5방향 | O11: 0.035 | P11: 0 | Q11: 5배농축
A12: 11 | B12: 과즙농축액 | C12: 열대과일 | D12: 패션프루트농축과즙(50Brix) | E12: 50 | F12: 2.8 | G12: 4.5 | H12: 0 | I12: 구연산, 비타민C, 카로티노이드 | J12: 액상(드럼) | K12: 냉장 0~5℃ | L12: 9000 | M12: 0.5 | N12: ↓2.8방향 | O12: 0.045 | P12: 0 | Q12: 고산미
A13: 12 | B13: 과즙농축액 | C13: 열대과일 | D13: 구아바농축과즙(40Brix) | E13: 40 | F13: 4 | G13: 1.5 | H13: 0 | I13: 비타민C, 라이코펜 | J13: 액상(드럼) | K13: 냉장 0~5℃ | L13: 8000 | M13: 0.4 | N13: ↓4.0방향 | O13: 0.015 | P13: 0
A14: 13 | B14: 과즙농축액 | C14: 열대과일 | D14: 리치농축과즙(60Brix) | E14: 60 | F14: 4.5 | G14: 1.8 | H14: 0 | I14: 비타민C, 폴리페놀 | J14: 액상(드럼) | K14: 냉장 0~5℃ | L14: 10000 | M14: 0.6 | N14: ↓4.5방향 | O14: 0.018 | P14: 0
A15: 14 | B15: 과즙농축액 | C15: 열대과일 | D15: 코코넛워터농축액(25Brix) | E15: 25 | F15: 5 | G15: 0.5 | H15: 0 | I15: 칼륨, 마그네슘, 전해질 | J15: 액상(드럼) | K15: 냉장 0~5℃ | L15: 6000 | M15: 0.25 | N15: ↓5.0방향 | O15: 0.005 | P15: 0 | Q15: 2.5배농축
A16: 15 | B16: 과즙농축액 | C16: 열대과일 | D16: 바나나퓨레(22Brix) | E16: 22 | F16: 4.5 | G16: 0.8 | H16: 0 | I16: 칼륨, 비타민B6, 식이섬유 | J16: 퓨레(드럼) | K16: 냉동 -18℃ | L16: 3500 | M16: 0.22 | N16: ↓4.5방향 | O16: 0.008 | P16: 0 | Q16: 퓨레형
A17: 16 | B17: 과즙농축액 | C17: 인과류 | D17: 사과농축과즙(70Brix) | E17: 70 | F17: 3.5 | G17: 3.5 | H17: 0 | I17: 사과산, 비타민C, 폴리페놀 | J17: 액상(드럼) | K17: 냉장 0~5℃ | L17: 3500 | M17: 0.7 | N17: ↓3.5방향 | O17: 0.035 | P17: 0 | Q17: 5배농축
A18: 17 | B18: 과즙농축액 | C18: 인과류 | D18: 배농축과즙(65Brix) | E18: 65 | F18: 4.2 | G18: 2 | H18: 0 | I18: 솔비톨, 사과산, 식이섬유 | J18: 액상(드럼) | K18: 냉장 0~5℃ | L18: 4500 | M18: 0.65 | N18: ↓4.2방향 | O18: 0.02 | P18: 0 | Q18: 5배농축
A19: 18 | B19: 과즙농축액 | C19: 핵과류 | D19: 복숭아농축과즙(65Brix) | E19: 65 | F19: 3.8 | G19: 3 | H19: 0 | I19: 비타민C, 식이섬유, 사과산 | J19: 액상(드럼) | K19: 냉장 0~5℃ | L19: 5000 | M19: 0.65 | N19: ↓3.8방향 | O19: 0.03 | P19: 0 | Q19: 5배농축
A20: 19 | B20: 과즙농축액 | C20: 핵과류 | D20: 체리농축과즙(65Brix) | E20: 65 | F20: 3.4 | G20: 4 | H20: 0 | I20: 안토시아닌, 폴리페놀 | J20: 액상(드럼) | K20: 냉장 0~5℃ | L20: 12000 | M20: 0.65 | N20: ↓3.4방향 | O20: 0.04 | P20: 0
A21: 20 | B21: 과즙농축액 | C21: 핵과류 | D21: 매실농축과즙(60Brix) | E21: 60 | F21: 2.5 | G21: 6 | H21: 0 | I21: 구연산, 사과산, 피크르산 | J21: 액상(드럼) | K21: 냉장 0~5℃ | L21: 7000 | M21: 0.6 | N21: ↓2.5방향 | O21: 0.06 | P21: 0 | Q21: 고산미
A22: 21 | B22: 과즙농축액 | C22: 핵과류 | D22: 살구농축과즙(60Brix) | E22: 60 | F22: 3.6 | G22: 3.2 | H22: 0 | I22: 베타카로틴, 비타민A, 사과산 | J22: 액상(드럼) | K22: 냉장 0~5℃ | L22: 6000 | M22: 0.6 | N22: ↓3.6방향 | O22: 0.032 | P22: 0
A23: 22 | B23: 과즙농축액 | C23: 장과류 | D23: 포도농축과즙(68Brix) | E23: 68 | F23: 3.3 | G23: 5 | H23: 0 | I23: 폴리페놀, 레스베라트롤, 안토시아닌 | J23: 액상(드럼) | K23: 냉장 0~5℃ | L23: 4000 | M23: 0.68 | N23: ↓3.3방향 | O23: 0.05 | P23: 0 | Q23: 5배농축
A24: 23 | B24: 과즙농축액 | C24: 장과류 | D24: 블루베리농축과즙(65Brix) | E24: 65 | F24: 3.2 | G24: 3.5 | H24: 0 | I24: 안토시아닌, 폴리페놀, 비타민C | J24: 액상(드럼) | K24: 냉장 0~5℃ | L24: 15000 | M24: 0.65 | N24: ↓3.2방향 | O24: 0.035 | P24: 0
A25: 24 | B25: 과즙농축액 | C25: 장과류 | D25: 크랜베리농축과즙(50Brix) | E25: 50 | F25: 2.5 | G25: 5.5 | H25: 0 | I25: 프로안토시아니딘, 퀴닌산 | J25: 액상(드럼) | K25: 냉장 0~5℃ | L25: 14000 | M25: 0.5 | N25: ↓2.5방향 | O25: 0.055 | P25: 0 | Q25: 고산미
A26: 25 | B26: 과즙농축액 | C26: 장과류 | D26: 라즈베리농축과즙(55Brix) | E26: 55 | F26: 3 | G26: 4.5 | H26: 0 | I26: 안토시아닌, 엘라그산 | J26: 액상(드럼) | K26: 냉장 0~5℃ | L26: 16000 | M26: 0.55 | N26: ↓3.0방향 | O26: 0.045 | P26: 0
A27: 26 | B27: 과즙농축액 | C27: 장과류 | D27: 딸기농축과즙(55Brix) | E27: 55 | F27: 3.3 | G27: 3.5 | H27: 0 | I27: 비타민C, 안토시아닌, 엘라그산 | J27: 액상(드럼) | K27: 냉장 0~5℃ | L27: 12000 | M27: 0.55 | N27: ↓3.3방향 | O27: 0.035 | P27: 0
A28: 27 | B28: 과즙농축액 | C28: 장과류 | D28: 석류농축과즙(65Brix) | E28: 65 | F28: 3 | G28: 4.5 | H28: 0 | I28: 엘라그산, 푸니칼라긴, 안토시아닌 | J28: 액상(드럼) | K28: 냉장 0~5℃ | L28: 11000 | M28: 0.65 | N28: ↓3.0방향 | O28: 0.045 | P28: 0
A29: 28 | B29: 과즙농축액 | C29: 장과류 | D29: 아사이베리농축과즙(14Brix) | E29: 14 | F29: 3.5 | G29: 2 | H29: 0 | I29: 안토시아닌, 오메가지방산 | J29: 퓨레(드럼) | K29: 냉동 -18℃ | L29: 25000 | M29: 0.14 | N29: ↓3.5방향 | O29: 0.02 | P29: 0 | Q29: 냉동퓨레
A30: 29 | B30: 과즙농축액 | C30: 채소류 | D30: 토마토농축과즙(28Brix) | E30: 28 | F30: 4.2 | G30: 2.5 | H30: 0 | I30: 라이코펜, 비타민C, 칼륨 | J30: 페이스트(드럼) | K30: 냉장 0~5℃ | L30: 3000 | M30: 0.28 | N30: ↓4.2방향 | O30: 0.025 | P30: 0 | Q30: 3배농축
A31: 30 | B31: 과즙농축액 | C31: 채소류 | D31: 당근농축과즙(40Brix) | E31: 40 | F31: 6 | G31: 0.3 | H31: 0 | I31: 베타카로틴, 비타민A | J31: 액상(드럼) | K31: 냉장 0~5℃ | L31: 4000 | M31: 0.4 | N31: ↓6.0방향 | O31: 0.003 | P31: 0
A32: 31 | B32: 과즙농축액 | C32: 채소류 | D32: 비트농축과즙(45Brix) | E32: 45 | F32: 5.5 | G32: 0.5 | H32: 0 | I32: 베타인, 질산염, 철분 | J32: 액상(드럼) | K32: 냉장 0~5℃ | L32: 5000 | M32: 0.45 | N32: ↓5.5방향 | O32: 0.005 | P32: 0 | Q32: 천연색소겸용
A33: 32 | B33: 과즙농축액 | C33: 채소류 | D33: 셀러리농축과즙(8Brix) | E33: 8 | F33: 5.8 | G33: 0.2 | H33: 0 | I33: 아피게닌, 칼륨, 식이섬유 | J33: 액상(드럼) | K33: 냉장 0~5℃ | L33: 6000 | M33: 0.08 | N33: ↓5.8방향 | O33: 0.002 | P33: 0
A34: 33 | B34: 과즙농축액 | C34: 채소류 | D34: 케일농축과즙(10Brix) | E34: 10 | F34: 6 | G34: 0.2 | H34: 0 | I34: 비타민K, 루테인, 칼슘 | J34: 액상(드럼) | K34: 냉장 0~5℃ | L34: 7000 | M34: 0.1 | N34: ↓6.0방향 | O34: 0.002 | P34: 0 | Q34: 녹즙용
A35: 34 | B35: 당류 | C35: 일반당류 | D35: 백설탕(정제당) | E35: 99.9 | F35: — | G35: — | H35: 1 | I35: 수크로스 99.9% | J35: 분말(25kg포대) | K35: 상온 | L35: 1200 | M35: 0.999 | N35: 영향없음 | O35: 0 | P35: 0.01 | Q35: 정제당
A36: 35 | B36: 당류 | C36: 일반당류 | D36: 황설탕 | E36: 99 | F36: — | G36: — | H36: — | I36: 수크로스+미량 미네랄 | J36: 분말(25kg포대) | K36: 상온 | L36: 1400 | M36: 0.99 | N36: 영향없음 | O36: 0 | P36: — | Q36: 미정제
A37: 36 | B37: 당류 | C37: 일반당류 | D37: 액상과당(HFCS55) | E37: 77 | F37: 4 | G37: — | H37: 1 | I37: 과당55%, 포도당42% | J37: 액상(드럼) | K37: 상온 | L37: 1000 | M37: 0.77 | N37: 미미(4.0) | O37: 0 | P37: 0.01 | Q37: 고과당
A38: 37 | B38: 당류 | C38: 일반당류 | D38: 액상과당(HFCS42) | E38: 71 | F38: 4 | G38: — | H38: 1 | I38: 과당42%, 포도당53% | J38: 액상(드럼) | K38: 상온 | L38: 900 | M38: 0.71 | N38: 미미(4.0) | O38: 0 | P38: 0.01 | Q38: 저과당
A39: 38 | B39: 당류 | C39: 일반당류 | D39: 물엿(DE42) | E39: 75 | F39: 5 | G39: — | H39: 0.4 | I39: 맥아당, 덱스트린, 포도당 | J39: 액상(드럼) | K39: 상온 | L39: 1100 | M39: 0.75 | N39: 미미(5.0) | O39: 0 | P39: 0.004 | Q39: 전분당
A40: 39 | B40: 당류 | C40: 일반당류 | D40: 포도당(결정) | E40: 99.5 | F40: — | G40: — | H40: — | I40: D-포도당 99.5% | J40: 분말(25kg포대) | K40: 상온 | L40: 1500 | M40: 0.995 | N40: 영향없음 | O40: 0 | P40: —
A41: 40 | B41: 당류 | C41: 일반당류 | D41: 과당(결정) | E41: 99.5 | F41: — | G41: — | H41: — | I41: D-과당 99.5% | J41: 분말(25kg포대) | K41: 상온 | L41: 2500 | M41: 0.995 | N41: 영향없음 | O41: 0 | P41: — | Q41: 설탕보다 1.7배 단맛
A42: 41 | B42: 당류 | C42: 일반당류 | D42: 벌꿀 | E42: 80 | F42: 3.9 | G42: 0.3 | H42: — | I42: 과당38%, 포도당31%, 미량효소 | J42: 액상(병/드럼) | K42: 상온 | L42: 15000 | M42: 0.8 | N42: ↓3.9방향 | O42: 0.003 | P42: — | Q42: 천연감미료
A43: 42 | B43: 당류 | C43: 일반당류 | D43: 메이플시럽 | E43: 66 | F43: 5 | G43: — | H43: — | I43: 수크로스 60%, 미네랄 | J43: 액상(병) | K43: 냉장 | L43: 35000 | M43: 0.66 | N43: 미미(5.0) | O43: 0 | P43: — | Q43: 천연
A44: 43 | B44: 당류 | C44: 일반당류 | D44: 아가베시럽 | E44: 76 | F44: 4.5 | G44: — | H44: — | I44: 과당 80%, 포도당 12% | J44: 액상(병) | K44: 상온 | L44: 12000 | M44: 0.76 | N44: 미미(4.5) | O44: 0 | P44: — | Q44: 천연, 저GI
A45: 44 | B45: 당류 | C45: 기능성당류 | D45: 프락토올리고당(FOS) | E45: 75 | F45: 5.5 | G45: — | H45: 0.6 | I45: 프락토올리고당 55%이상, 프리바이오틱스 | J45: 액상(드럼) | K45: 상온 | L45: 4500 | M45: 0.75 | N45: 미미(5.5) | O45: 0 | P45: 0.006 | Q45: 장건강, 단맛 30%
A46: 45 | B46: 당류 | C46: 기능성당류 | D46: 이소말토올리고당(IMO) | E46: 75 | F46: 5 | G46: — | H46: 0.5 | I46: 이소말토올리고당 50%이상, 프리바이오틱스 | J46: 액상(드럼) | K46: 상온 | L46: 3500 | M46: 0.75 | N46: 미미(5.0) | O46: 0 | P46: 0.005 | Q46: 장건강, 내열성우수
A47: 46 | B47: 당류 | C47: 기능성당류 | D47: 갈락토올리고당(GOS) | E47: 75 | F47: 5.5 | G47: — | H47: 0.4 | I47: 갈락토올리고당 55%이상 | J47: 액상(드럼) | K47: 상온 | L47: 6000 | M47: 0.75 | N47: 미미(5.5) | O47: 0 | P47: 0.004 | Q47: 영유아장건강
A48: 47 | B48: 당류 | C48: 기능성당류 | D48: 자일로올리고당(XOS) | E48: 70 | F48: 5 | G48: — | H48: — | I48: 자일로올리고당 35%이상 | J48: 액상/분말 | K48: 상온 | L48: 8000 | M48: 0.7 | N48: 미미(5.0) | O48: 0 | P48: — | Q48: 소량으로 프리바이오틱스
A49: 48 | B49: 당류 | C49: 기능성당류 | D49: 팔라티노스(이소말툴로스) | E49: — | F49: — | G49: — | H49: — | I49: 이소말툴로스 99% | J49: 분말(25kg포대) | K49: 상온 | L49: 5000 | M49: 0.99 | N49: 영향없음 | O49: 0 | P49: — | Q49: 저GI(32), 충치억제
A50: 49 | B50: 당류 | C50: 기능성당류 | D50: 타가토스 | E50: — | F50: — | G50: — | H50: — | I50: D-타가토스 98% | J50: 분말(25kg포대) | K50: 상온 | L50: 20000 | M50: 0.92 | N50: 영향없음 | O50: 0 | P50: — | Q50: 저칼로리(1.5kcal/g)
A51: 50 | B51: 당류 | C51: 기능성당류 | D51: 알룰로스 | E51: — | F51: — | G51: — | H51: — | I51: D-알룰로스 98% | J51: 액상/분말 | K51: 상온 | L51: 15000 | M51: 0.7 | N51: 영향없음 | O51: 0 | P51: — | Q51: 0kcal, 설탕70%단맛
A52: 51 | B52: 당류 | C52: 기능성당류 | D52: 트레할로스 | E52: — | F52: — | G52: — | H52: 0.4 | I52: 트레할로스 98% | J52: 분말(25kg포대) | K52: 상온 | L52: 6000 | M52: 0.45 | N52: 영향없음 | O52: 0 | Q52: 단맛45%, 보습, 전분노화억제
A53: 52 | B53: 당류 | C53: 당알코올 | D53: 자일리톨 | E53: — | F53: — | G53: — | H53: 0.5 | I53: 자일리톨 99% | J53: 분말(25kg포대) | K53: 상온 | L53: 12000 | M53: 0.99 | N53: 영향없음 | O53: 0 | Q53: 단맛100%, 충치억제, 청량감
A54: 53 | B54: 당류 | C54: 당알코올 | D54: 소르비톨 | E54: — | F54: — | G54: — | H54: — | I54: D-소르비톨 70% | J54: 액상/분말 | K54: 상온 | L54: 2500 | M54: 0.7 | N54: 영향없음 | O54: 0 | P54: — | Q54: 단맛60%, 보습제
A55: 54 | B55: 당류 | C55: 당알코올 | D55: 말티톨 | E55: — | F55: — | G55: — | H55: 0.8 | I55: 말티톨 99% | J55: 분말/액상 | K55: 상온 | L55: 5000 | M55: 0.9 | N55: 영향없음 | O55: 0 | Q55: 단맛90%, 저칼로리
A56: 55 | B56: 당류 | C56: 당알코올 | D56: 에리스리톨 | E56: — | F56: — | G56: — | H56: 0.7 | I56: 에리스리톨 99% | J56: 분말(25kg포대) | K56: 상온 | L56: 8000 | M56: 0.7 | N56: 영향없음 | O56: 0 | Q56: 단맛70%, 0kcal, 청량감
A57: 56 | B57: 당류 | C57: 당알코올 | D57: 만니톨 | E57: — | F57: — | G57: — | H57: — | I57: D-만니톨 99% | J57: 분말(25kg포대) | K57: 상온 | L57: 10000 | M57: 0.5 | N57: 영향없음 | O57: 0 | P57: — | Q57: 단맛50%, 청량감
A58: 57 | B58: 당류 | C58: 당알코올 | D58: 이소말트 | E58: — | F58: — | G58: — | H58: — | I58: 이소말트 98% | J58: 분말(25kg포대) | K58: 상온 | L58: 4500 | M58: 0.45 | N58: 영향없음 | O58: 0 | P58: — | Q58: 단맛45~60%, 저GI
A59: 58 | B59: 당류 | C59: 당알코올 | D59: 락티톨 | E59: — | F59: — | G59: — | H59: — | I59: 락티톨 95% | J59: 분말(25kg포대) | K59: 상온 | L59: 7000 | M59: 0.4 | N59: 영향없음 | O59: 0 | P59: — | Q59: 단맛40%, 프리바이오틱스
A60: 59 | B60: 감미료 | C60: 합성감미료 | D60: 아스파탐 | E60: — | F60: — | G60: — | H60: 200 | I60: L-아스파르틸-L-페닐알라닌메틸에스테르 | J60: 분말(포대) | K60: 상온 | L60: 25000 | M60: 0 | N60: 영향없음 | O60: 0 | Q60: 단맛 설탕의 200배
A61: 60 | B61: 감미료 | C61: 합성감미료 | D61: 아세설팜칼륨(Ace-K) | E61: — | F61: — | G61: — | H61: 200 | I61: 아세설팜K | J61: 분말(포대) | K61: 상온 | L61: 30000 | M61: 0 | N61: 영향없음 | O61: 0 | Q61: 단맛 설탕의 200배, 내열성
A62: 61 | B62: 감미료 | C62: 합성감미료 | D62: 수크랄로스 | E62: — | F62: — | G62: — | H62: 600 | I62: 트리클로로갈락토수크로스 | J62: 분말(포대) | K62: 상온 | L62: 50000 | M62: 0 | N62: 영향없음 | O62: 0 | Q62: 단맛 설탕의 600배, 내열성
A63: 62 | B63: 감미료 | C63: 합성감미료 | D63: 사카린나트륨 | E63: — | F63: — | G63: — | H63: 300 | I63: 사카린나트륨 | J63: 분말(포대) | K63: 상온 | L63: 8000 | M63: 0 | N63: 영향없음 | O63: 0 | Q63: 단맛 설탕의 300배
A64: 63 | B64: 감미료 | C64: 합성감미료 | D64: 네오탐 | E64: — | F64: — | G64: — | H64: — | I64: N-[N-(3,3-디메틸부틸)-L-α-아스파르틸]-L-페닐알라닌 1-메틸에스테르 | J64: 분말(포대) | K64: 상온 | L64: 80000 | M64: 0 | N64: 영향없음 | O64: 0 | P64: — | Q64: 단맛 설탕의 8000배
A65: 64 | B65: 감미료 | C65: 합성감미료 | D65: 어드밴탐 | E65: — | F65: — | G65: — | H65: — | I65: N-[3-(3-하이드록시-4-메톡시페닐)프로필]-L-α-아스파르틸-L-페닐알라닌 1-메틸에스테르 | J65: 분말(포대) | K65: 상온 | L65: 120000 | M65: 0 | N65: 영향없음 | O65: 0 | P65: — | Q65: 단맛 설탕의 20000배
A66: 65 | B66: 감미료 | C66: 합성감미료 | D66: 시클라메이트 | E66: — | F66: — | G66: — | H66: — | I66: 시클로헥실술팜산나트륨 | J66: 분말(포대) | K66: 상온 | L66: 6000 | M66: 0 | N66: 영향없음 | O66: 0 | P66: — | Q66: 단맛 설탕의 30배, 한국미허가
A67: 66 | B67: 감미료 | C67: 합성감미료 | D67: 둘신 | E67: — | F67: — | G67: — | H67: — | I67: 4-에톡시페닐우레아 | J67: 분말(포대) | K67: 상온 | L67: 15000 | M67: 0 | N67: 영향없음 | O67: 0 | P67: — | Q67: 단맛 설탕의 250배, 대부분 국가 금지
A68: 67 | B68: 감미료 | C68: 천연고강도감미료 | D68: 스테비아(스테비올배당체) | E68: — | F68: — | G68: — | H68: 200 | I68: 스테비오사이드, 레바우디오사이드A | J68: 분말(포대) | K68: 상온 | L68: 60000 | M68: 0 | N68: 영향없음 | O68: 0 | Q68: 단맛 설탕의 200~300배, 천연
A69: 68 | B69: 감미료 | C69: 천연고강도감미료 | D69: 스테비아 Reb-A 97% | E69: — | F69: — | G69: — | H69: 200 | I69: 레바우디오사이드A 97%이상 | J69: 분말(포대) | K69: 상온 | L69: 80000 | M69: 0 | N69: 영향없음 | O69: 0 | Q69: 고순도, 쓴맛 감소
A70: 69 | B70: 감미료 | C70: 천연고강도감미료 | D70: 스테비아 Reb-M | E70: — | F70: — | G70: — | H70: 200 | I70: 레바우디오사이드M | J70: 분말(포대) | K70: 상온 | L70: 150000 | M70: 0 | N70: 영향없음 | O70: 0 | Q70: 설탕에 가장 가까운 맛
A71: 70 | B71: 감미료 | C71: 천연고강도감미료 | D71: 나한과(모그로사이드V) | E71: — | F71: — | G71: — | H71: — | I71: 모그로사이드V 50%이상 | J71: 분말(포대) | K71: 상온 | L71: 100000 | M71: 0 | N71: 영향없음 | O71: 0 | P71: — | Q71: 단맛 설탕의 250배, 천연
A72: 71 | B72: 감미료 | C72: 천연고강도감미료 | D72: 타우마틴 | E72: — | F72: — | G72: — | H72: — | I72: 타우마토코쿠스 다니엘리 단백질 | J72: 분말(포대) | K72: 상온 | L72: 200000 | M72: 0 | N72: 영향없음 | O72: 0 | P72: — | Q72: 단맛 설탕의 2000배, 지속성
A73: 72 | B73: 감미료 | C73: 천연고강도감미료 | D73: 브라제인 | E73: — | F73: — | G73: — | H73: — | I73: 펜타디플란드라 브라제아나 단백질 | J73: 분말(포대) | K73: 상온 | L73: 250000 | M73: 0 | N73: 영향없음 | O73: 0 | P73: — | Q73: 단맛 설탕의 500~2000배
A74: 73 | B74: 감미료 | C74: 천연고강도감미료 | D74: 미라쿨린 | E74: — | F74: — | G74: — | H74: — | I74: 리쿨리아 둘시피카 단백질 | J74: 분말(포대) | K74: 냉장 | L74: 500000 | M74: 0 | N74: 영향없음 | O74: 0 | P74: — | Q74: 맛변환단백질, 신맛→단맛
A75: 74 | B75: 감미료 | C75: 블렌드감미료 | D75: 아스파탐+Ace-K 블렌드 | E75: — | F75: — | G75: — | H75: 200 | I75: 아스파탐:Ace-K=1:1 | J75: 분말(포대) | K75: 상온 | L75: 28000 | M75: 0 | N75: 영향없음 | O75: 0 | Q75: 시너지효과, 쓴맛감소
A76: 75 | B76: 산미료 | C76: 유기산 | D76: 구연산(무수) | E76: — | F76: 1.5 | G76: — | H76: 0 | I76: 시트르산(Citric acid) 99.5% | J76: 분말(25kg포대) | K76: 상온 | L76: 2500 | M76: 0 | N76: ↓↓ 강하게 저하 | O76: 0.64 | P76: 0 | Q76: 가장 범용, 레몬/감귤 산미
A77: 76 | B77: 산미료 | C77: 유기산 | D77: 구연산(수화물) | E77: — | F77: 1.5 | G77: — | H77: 0 | I77: 시트르산모노하이드레이트 | J77: 분말(25kg포대) | K77: 상온 | L77: 2200 | M77: 0 | N77: ↓↓ 강하게 저하 | O77: 0.6 | P77: 0 | Q77: 무수 대비 91.4% 효력
A78: 77 | B78: 산미료 | C78: 유기산 | D78: DL-사과산(말산) | E78: — | F78: 1.8 | G78: — | H78: 0 | I78: DL-말산(Malic acid) 99% | J78: 분말(25kg포대) | K78: 상온 | L78: 3500 | M78: 0 | N78: ↓↓ 강하게 저하 | O78: 0.67 | P78: 0 | Q78: 사과 산미, 지속성↑
A79: 78 | B79: 산미료 | C79: 유기산 | D79: L-사과산 | E79: — | F79: 1.8 | G79: — | H79: 0 | I79: L-말산 99% | J79: 분말(25kg포대) | K79: 상온 | L79: 5000 | M79: 0 | N79: ↓↓ 강하게 저하 | O79: 0.67 | P79: 0 | Q79: 천연형
A80: 79 | B80: 산미료 | C80: 유기산 | D80: 주석산(타르타르산) | E80: — | F80: 1.5 | G80: — | H80: 0 | I80: L-주석산(Tartaric acid) 99% | J80: 분말(25kg포대) | K80: 상온 | L80: 6000 | M80: 0 | N80: ↓↓ 강하게 저하 | O80: 0.67 | P80: 0 | Q80: 포도산미, 와인맛
A81: 80 | B81: 산미료 | C81: 유기산 | D81: 젖산(유산/Lactic acid) | E81: — | F81: 2.5 | G81: — | H81: 0 | I81: L-젖산 80~88% | J81: 액상(드럼) | K81: 상온 | L81: 4000 | M81: 0 | N81: ↓ 저하 | O81: 0.5 | P81: 0 | Q81: 발효산, 부드러운 산미
A82: 81 | B82: 산미료 | C82: 유기산 | D82: 호박산(석신산) | E82: — | F82: 2.7 | G82: — | H82: 0 | I82: 호박산(Succinic acid) 99% | J82: 분말(25kg포대) | K82: 상온 | L82: 8000 | M82: 0 | N82: ↓ 중간 저하 | O82: 0.42 | P82: 0 | Q82: 감칠맛+산미, 조개맛
A83: 82 | B83: 산미료 | C83: 유기산 | D83: 푸마르산 | E83: — | F83: 1.5 | G83: — | H83: 0 | I83: 푸마르산(Fumaric acid) 99% | J83: 분말(25kg포대) | K83: 상온 | L83: 4500 | M83: 0 | N83: ↓↓ 강하게 저하 | O83: 0.69 | P83: 0 | Q83: 구연산 대비 1.5배 산도
A84: 83 | B84: 산미료 | C84: 유기산 | D84: 아디프산 | E84: — | F84: 2.3 | G84: — | H84: 0 | I84: 아디프산(Adipic acid) 99% | J84: 분말(25kg포대) | K84: 상온 | L84: 3000 | M84: 0 | N84: ↓ 저하 | O84: 0.55 | P84: 0 | Q84: 부드러운 산미, 젤리용
A85: 84 | B85: 산미료 | C85: 유기산 | D85: 글루콘산 | E85: — | F85: 2.5 | G85: — | H85: 0 | I85: D-글루콘산 50% | J85: 액상 | K85: 상온 | L85: 5000 | M85: 0 | N85: ↓ 약한 저하 | O85: 0.28 | P85: 0 | Q85: 마일드 산미
A86: 85 | B86: 산미료 | C86: 유기산 | D86: 초산(빙초산) | E86: — | F86: 2.4 | G86: — | H86: 0 | I86: 빙초산(Acetic acid) 99% | J86: 액상 | K86: 상온 | L86: 2000 | M86: 0 | N86: ↓ 저하 | O86: 0.5 | P86: 0 | Q86: 식초산미
A87: 86 | B87: 산미료 | C87: 유기산 | D87: 인산(식품용) | E87: — | F87: 1 | G87: — | H87: 0 | I87: 인산(Phosphoric acid) 75% | J87: 액상 | K87: 상온 | L87: 2000 | M87: 0 | N87: ↓↓↓ 매우 강하게 저하 | O87: 0.77 | P87: 0 | Q87: 콜라 산미, 강한 저하
... A94: 93 | B94: 산미료 | C94: pH조절제 | D94: 탄산칼슘 | E94: — | F94: 9.5 | G94: — | H94: 0 | I94: CaCO3 98% | J94: 분말(25kg포대) | K94: 상온 | L94: 1000 | M94: 0 | N94: ↑ pH 강하게 상승 | O94: 0 | P94: 0 | Q94: 산도 중화
A95: 94 | B95: 향료 | C95: 향료 | D95: 오렌지향(수용성) | E95: — | F95: — | G95: — | H95: 0 | I95: 감귤계, 리모넨 | J95: 액상(1~25kg) | K95: 냉암소 15℃이하 | L95: 40000 | M95: 0 | N95: 영향없음 | O95: 0 | P95: 0 | Q95: 사용량 0.05~0.3%
A96: 95 | B96: 향료 | C96: 향료 | D96: 레몬향(수용성) | E96: — | F96: — | G96: — | H96: 0 | I96: 감귤계, 시트랄 | J96: 액상(1~25kg) | K96: 냉암소 15℃이하 | L96: 40000 | M96: 0 | N96: 영향없음 | O96: 0 | P96: 0 | Q96: 사용량 0.05~0.3%
A97: 96 | B97: 향료 | C97: 향료 | D97: 자몽향(수용성) | E97: — | F97: — | G97: — | H97: 0 | I97: 감귤계, 누트카톤 | J97: 액상(1~25kg) | K97: 냉암소 15℃이하 | L97: 40000 | M97: 0 | N97: 영향없음 | O97: 0 | P97: 0 | Q97: 사용량 0.05~0.3%
A98: 97 | B98: 향료 | C98: 향료 | D98: 라임향 | E98: — | F98: — | G98: — | H98: 0 | I98: 감귤계 | J98: 액상(1~25kg) | K98: 냉암소 15℃이하 | L98: 40000 | M98: 0 | N98: 영향없음 | O98: 0 | P98: 0 | Q98: 사용량 0.05~0.3%
A99: 98 | B99: 향료 | C99: 향료 | D99: 유자향 | E99: — | F99: — | G99: — | H99: 0 | I99: 감귤계, 국산 | J99: 액상(1~25kg) | K99: 냉암소 15℃이하 | L99: 40000 | M99: 0 | N99: 영향없음 | O99: 0 | P99: 0 | Q99: 사용량 0.05~0.3%
A100: 99 | B100: 향료 | C100: 향료 | D100: 포도향(합성) | E100: — | F100: — | G100: — | H100: 0 | I100: 에스테르계 | J100: 액상(1~25kg) | K100: 냉암소 15℃이하 | L100: 40000 | M100: 0 | N100: 영향없음 | O100: 0 | P100: 0 | Q100: 사용량 0.05~0.3%
A101: 100 | B101: 향료 | C101: 향료 | D101: 포도향(천연/합성) | E101: — | F101: — | G101: — | H101: 0 | I101: 콩코드/거봉 | J101: 액상(1~25kg) | K101: 냉암소 15℃이하 | L101: 40000 | M101: 0 | N101: 영향없음 | O101: 0 | P101: 0 | Q101: 사용량 0.05~0.3%
A102: 101 | B102: 향료 | C102: 향료 | D102: 복숭아향(수용성) | E102: — | F102: — | G102: — | H102: 0 | I102: γ-운데칼락톤 | J102: 액상(1~25kg) | K102: 냉암소 15℃이하 | L102: 40000 | M102: 0 | N102: 영향없음 | O102: 0 | P102: 0 | Q102: 사용량 0.05~0.3%
A103: 102 | B103: 향료 | C103: 향료 | D103: 망고향 | E103: — | F103: — | G103: — | H103: 0 | I103: 열대과일계 | J103: 액상(1~25kg) | K103: 냉암소 15℃이하 | L103: 40000 | M103: 0 | N103: 영향없음 | O103: 0 | P103: 0 | Q103: 사용량 0.05~0.3%
A104: 103 | B104: 향료 | C104: 향료 | D104: 패션프루트향 | E104: — | F104: — | G104: — | H104: 0 | I104: 열대과일계 | J104: 액상(1~25kg) | K104: 냉암소 15℃이하 | L104: 40000 | M104: 0 | N104: 영향없음 | O104: 0 | P104: 0 | Q104: 사용량 0.05~0.3%
A105: 104 | B105: 향료 | C105: 향료 | D105: 파인애플향 | E105: — | F105: — | G105: — | H105: 0 | I105: 에틸부티레이트 | J105: 액상(1~25kg) | K105: 냉암소 15℃이하 | L105: 40000 | M105: 0 | N105: 영향없음 | O105: 0 | P105: 0 | Q105: 사용량 0.05~0.3%
A106: 105 | B106: 향료 | C106: 향료 | D106: 딸기향 | E106: — | F106: — | G106: — | H106: 0 | I106: 에틸발레레이트 | J106: 액상(1~25kg) | K106: 냉암소 15℃이하 | L106: 40000 | M106: 0 | N106: 영향없음 | O106: 0 | P106: 0 | Q106: 사용량 0.05~0.3%
...

Sheet 음료규격기준
A1: No | B1: 음료유형 | C1: 당도(Brix,°) | D1: pH 범위 | E1: 산도(%) | F1: 과즙함량(%) | G1: 고형분(%) | H1: 탄산가스(GV) | I1: 비고 | J1: Brix_min | K1: Brix_max | L1: pH_min | M1: pH_max | N1: 산도_min | O1: 산도_max
A2: 1 | B2: 과·채주스(100%) | C2: 10~14 | D2: 3.0~4.0 | E2: 0.3~1.5 | F2: ≥100% | G2: ≥10% | H2: — | I2: 과즙함량 100% 이상 | J2: 10 | K2: 14 | L2: 3 | M2: 4 | N2: 0.3 | O2: 1.5
A3: 2 | B3: 과·채음료 | C3: 8~13 | D3: 3.0~4.5 | E3: 0.2~1.0 | F3: 10~99% | G3: ≥5% | H3: — | I3: 과즙 10% 이상 | J3: 8 | K3: 13 | L3: 3 | M3: 4.5 | N3: 0.2 | O3: 1
A4: 3 | B4: 탄산음료 | C4: 10~12 | D4: 2.5~4.0 | E4: 0.1~0.5 | F4: — | G4: — | H4: 2.5~4.0 | J4: 10 | K4: 12 | L4: 2.5 | M4: 4 | N4: 0.1 | O4: 0.5
A5: 4 | B5: 탄산수 | C5: 0 | D5: 4.0~6.5 | E5: 0 | F5: — | G5: — | H5: 2.5~4.0 | I5: 무당, 무칼로리 | J5: 0 | K5: 0 | L5: 4 | M5: 6.5 | N5: 0 | O5: 0
A6: 5 | B6: 커피음료(가당) | C6: 8~11 | D6: 5.5~6.5 | E6: — | F6: — | G6: — | H6: — | I6: 커피고형분 0.5% 이상 | J6: 8 | K6: 11 | L6: 5.5 | M6: 6.5
A7: 6 | B7: 커피음료(블랙) | C7: 0~2 | D7: 4.5~5.5 | E7: — | F7: — | G7: — | H7: — | I7: 커피고형분 1.0% 이상 | J7: 0 | K7: 2 | L7: 4.5 | M7: 5.5
A8: 7 | B8: 침출차/액상차 | C8: 0~8 | D8: 4.0~7.0 | E8: — | F8: — | G8: — | H8: — | I8: 차 추출물 함유 | J8: 0 | K8: 8 | L8: 4 | M8: 7
A9: 8 | B9: 두유 | C9: 8~12 | D9: 6.5~7.0 | E9: — | F9: — | G9: — | H9: — | I9: 대두고형분 7% 이상 | J9: 8 | K9: 12 | L9: 6.5 | M9: 7
A10: 9 | B10: 유산균음료(비살균) | C10: 10~16 | D10: 3.5~4.5 | E10: 0.5~1.5 | F10: — | G10: ≥3% | H10: — | I10: 유산균수 10⁷/ml 이상(냉장) | J10: 10 | K10: 16 | L10: 3.5 | M10: 4.5 | N10: 0.5 | O10: 1.5
A11: 10 | B11: 유산균음료(살균) | C11: 10~14 | D11: 3.5~4.5 | E11: 0.5~1.0 | F11: — | G11: ≥3% | H11: — | I11: 살균처리 | J11: 10 | K11: 14 | L11: 3.5 | M11: 4.5 | N11: 0.5 | O11: 1
A12: 11 | B12: 에너지음료 | C12: 10~14 | D12: 3.0~4.0 | E12: 0.2~0.5 | F12: — | G12: — | H12: — | I12: 카페인 ≤150mg/개 | J12: 10 | K12: 14 | L12: 3 | M12: 4 | N12: 0.2 | O12: 0.5
A13: 12 | B13: 이온음료 | C13: 5~8 | D13: 3.0~4.0 | E13: 0.1~0.3 | F13: — | G13: — | H13: — | I13: 삼투압 200~340 mOsm | J13: 5 | K13: 8 | L13: 3 | M13: 4 | N13: 0.1 | O13: 0.3
A14: 13 | B14: 비타민음료 | C14: 5~10 | D14: 3.0~4.5 | E14: 0.1~0.5 | F14: — | G14: — | H14: — | I14: 비타민C 기능성 표시 기준 | J14: 5 | K14: 10 | L14: 3 | M14: 4.5 | N14: 0.1 | O14: 0.5
A15: 14 | B15: 혼합음료 | C15: 8~13 | D15: 3.0~5.0 | E15: 0.1~0.8 | F15: — | G15: — | H15: 0~3.0 | I15: 2종 이상 혼합 | J15: 8 | K15: 13 | L15: 3 | M15: 5 | N15: 0.1 | O15: 0.8
A16: 15 | B16: 홍삼음료 | C16: 8~14 | D16: 4.0~6.0 | E16: — | F16: — | G16: — | H16: — | I16: 진세노사이드 기준 | J16: 8 | K16: 14 | L16: 4 | M16: 6
A17: 16 | B17: 식혜 | C17: 12~16 | D17: 4.5~6.0 | E17: — | F17: — | G17: — | H17: — | I17: 엿기름 추출 | J17: 12 | K17: 16 | L17: 4.5 | M17: 6
A18: 17 | B18: 젤리음료 | C18: 10~15 | D18: 3.5~4.5 | E18: 0.2~0.5 | F18: — | G18: — | H18: — | I18: 곤약 1% 이상 | J18: 10 | K18: 15 | L18: 3.5 | M18: 4.5 | N18: 0.2 | O18: 0.5

Sheet 표준제조공정_HACCP
A1: No | B1: 음료유형 | C1: 공정단계 | D1: 세부공정 | E1: 작업방법(구체적) | F1: 주요조건/파라미터 | G1: 품질관리포인트 | H1: HACCP 위해요소 | I1: CCP여부 | J1: 한계기준(CL) | K1: 모니터링방법 | L1: 개선조치
A2: 1 | B2: 과·채주스 | C2: 1.원료입고 | D2: 원료입고검사 | E2: 납품된 과즙농축액의 성적서 확인, Brix/pH/산도/색도 자체 측정, 관능검사(맛/향/색) 실시, 이물검사 | F2: Brix 65±2°, pH 규격 내, 이물 없음 | G2: 성적서 vs 자체측정 교차검증, LOT번호 기록 | H2: 생물학적: 잔류농약, 미생물 화학적: 중금속, 잔류SO₂ | I2: N | J2: — | K2: 매입고시 성적서 확인 및 자체 Brix/pH 측정 | L2: 부적합 시 반품, 해당 LOT 격리
A3: 2 | B3: 과·채주스 | C3: 1.원료입고 | D3: 정제수 검사 | E3: 정제수 TDS, pH, 잔류염소, 미생물 검사. RO/UV 처리수 사용 | F3: TDS<100ppm, pH 6.5~7.5, 잔류Cl₂<0.1ppm | G3: 매일 1회 수질검사 | H3: 생물학적: 대장균군 화학적: 잔류염소 | I3: N | J3: — | K3: 매일 수질검사 기록 | L3: 정수설비 점검, 재처리
A4: 3 | B4: 과·채주스 | C4: 2.계량/칭량 | D4: 원료 계량 | E4: 배합표에 따라 각 원료를 전자저울로 정밀 계량. 농축과즙→정제수→당류→산미료→향료 순서로 계량실에서 계량 | F4: 배합표 기준 ±0.5% 이내 | G4: 이중확인(2인 칭량/확인), 계량기록부 작성 | H4: 물리적: 이물혼입 | I4: N | J4: — | K4: 매 배치 계량기록 확인 | L4: 재칭량, 이물제거
A5: 4 | B5: 과·채주스 | C5: 3.배합(조합) | D5: 1차 배합-당/과즙 용해 | E5: 배합탱크에 정제수 투입(총량의 60~70%) → 교반기 가동(100~200rpm) → 농축과즙 투입 → 당류(설탕/액상과당) 투입 → 10분간 균일 교반 | F5: 탱크 온도 20~30℃, 교반속도 150rpm | G5: 과즙 용해 상태 확인, 거품 최소화 | H5: 물리적: 불균일 혼합 | I5: N | J5: — | K5: 배합 중 온도/교반속도 기록 | L5: 추가 교반, 온도 조정
A6: 5 | B6: 과·채주스 | C6: 3.배합(조합) | D6: 2차 배합-산미/향료 | E6: 1차 배합 후 산미료(구연산 등) 투입 → 5분 교반 → 향료 투입 → 잔량 정제수로 볼륨업 → 최종 교반 10분 | F6: 구연산: 배합표 기준량 투입 후 pH 확인 | G6: 산미료 투입 후 pH 즉시 측정 | H6: 화학적: 과다/과소 투입 | I6: N | J6: — | K6: 투입량 더블체크 | L6: 재조정(산미료 추가/희석)
A7: 6 | B7: 과·채주스 | C7: 4.Brix/pH 조정 | D7: 규격 미세조정 | E7: Brix: 당도계(굴절계)로 측정 → 고Brix시 정제수 추가, 저Brix시 당류 추가. pH: pH미터 교정 후 측정 → 고pH시 구연산 추가, 저pH시 구연산Na 추가 | F7: 목표 Brix ±0.2°, pH ±0.1 | G7: 조정 후 3회 재측정하여 평균값 확인 | H7: 화학적: 규격 이탈 | I7: N | J7: — | K7: 조정 전/후 Brix, pH 기록 | L7: 재조정 반복, 최대 3회까지
A8: 7 | B8: 과·채주스 | C8: 5.여과 | D8: 필터 여과 | E8: 50μm → 10μm → 5μm 단계별 필터 통과. 카트리지필터 또는 플레이트필터 사용. 필터 전후 압력차 모니터링 | F8: 차압 <2bar, 유량 규격 내 | G8: 필터 교체주기 관리, 여과 전후 샘플 채취 | H8: 물리적: 이물질 잔류 | I8: N | J8: — | K8: 필터 차압 연속 모니터링 | L8: 필터 교체, 재여과
A9: 8 | B9: 과·채주스 | C9: 6.균질화 | D9: 고압균질 | E9: 균질기에 배합액 통과. 1단 균질(150bar) + 2단 균질(50bar). 과즙 입자를 1μm 이하로 미세화 | F9: 1단 150~200bar, 2단 40~50bar, 온도 60~65℃ | G9: 균질 전후 입도분석(레이저 입도계), 분리 여부 확인 | H9: 물리적: 불완전 균질 | I9: N | J9: — | K9: 균질기 압력/온도 연속기록 | L9: 압력 재조정, 재균질
A10: 9 | B10: 과·채주스 | C10: 7.살균 | D10: UHT 살균(튜블러/플레이트) | E10: 플레이트열교환기 또는 튜블러열교환기에서 급속가열 → 홀딩 → 급속냉각. 살균온도 도달 확인센서 자동기록 | F10: UHT: 135~140℃, 2~4초 홀딩 HTST: 72~75℃, 15~30초 | G10: 온도기록계 연속모니터링, 살균온도 미달시 자동우회(Divert) | H10: ★ 생물학적: 병원성 미생물(대장균O157, 살모넬라, 리스테리아) | I10: CCP-1 | J10: 살균온도 ≥135℃, 홀딩시간 ≥2초 (또는 F₀값 기준) | K10: 온도기록계+자동우회밸브 연속모니터링, 매배치 기록확인 | L10: 자동우회→재살균, 해당배치 격리/폐기, 원인분석 후 설비점검
A11: 10 | B11: 과·채주스 | C11: 8.냉각 | D11: 급속냉각 | E11: 살균 직후 냉각섹션 통과하여 5~10℃로 급속 냉각. 글리콜 또는 냉수 사용 | F11: 냉각 출구 온도 ≤10℃ | G11: 냉각수 온도, 출구 온도 기록 | H11: 생물학적: 미생물 재오염(냉각지연시) | I11: N | J11: — | K11: 냉각 출구온도 연속기록 | L11: 냉각수 온도 조절, 유속 조정
A12: 11 | B12: 과·채주스 | C12: 9.충전/포장 | D12: 무균충전(Aseptic) 또는 Hot-fill | E12: [무균충전] 살균된 제품을 무균환경(Class100)에서 사전 살균된 용기에 충전→밀봉 [Hot-fill] 85℃이상 제품을 용기에 충전→밀봉→반전(캡살균)→냉각 | F12: 무균충전: 충전실 양압유지, HEPA필터 Hot-fill: 충전온도 ≥85℃ | G12: ★ 충전량 오차 ±2%, 밀봉상태(토크, 리크테스트), 충전실 낙하균 검사 | H12: ★ 생물학적: 충전 중 재오염 물리적: 이물혼입, 밀봉불량 | I12: CCP-2 | J12: 무균충전: 충전실 양압 ≥5Pa, 낙하균 ≤1CFU/plate Hot-fill: 충전온도 ≥85℃, 밀봉토크 규격 내 | K12: 매 충전시 온도기록, 시간당 밀봉검사, 매일 낙하균 검사 | L12: 라인 정지→살균→재가동, 불량제품 격리/폐기
A13: 12 | B13: 과·채주스 | C13: 10.냉각/건조 | D13: 충전 후 냉각 | E13: Hot-fill 제품: 반전 후 터널쿨러에서 40℃이하로 냉각. 무균충전: 필요시 냉장보관 | F13: 냉각 후 제품 온도 ≤40℃ | G13: 냉각 프로파일 기록 | H13: 물리적: 용기변형(급냉시) | I13: N | J13: — | K13: 터널쿨러 출구 온도 기록 | L13: 냉각속도 조정
... A49: 48 | B49: 젤리음료 | C49: 6.검사/출하 | D49: 완제품 검사 | E49: 겔강도/Brix/pH/미생물/이물(금속검출기) 검사 | F49: 겔강도 규격, 세균수 기준 | G49: ★ 금속검출기 100% | H49: ★ 물리적: 금속이물 | I49: CCP-3 | J49: Fe≥1.5mm, SUS≥2.5mm | K49: 100% 금속검출기 | L49: 격리, 전후 재검사

Sheet 배합시뮬레이터
A1: 음료 배합비 시뮬레이터 (Formulation Simulator)
A2: ▶ 음료유형+맛 선택 → 가이드배합비 참조 → 배합비 입력(100%기준) → 규격판정 자동확인
A3: 날짜 | B3: 2026. . . | C3: 제품명 | D3: 사과과채음료_시제1호 | I3: 목표용량(ml) | J3: 1000
A4: 음료유형 | B4: 과·채음료 | C4: 맛(Flavor) | D4: 사과 | E4: 직접입력▶ | G4: 규격▶ | H4: =IFERROR("Bx:"&VLOOKUP($B$4,음료규격기준!$B:$I,2,FALSE()),"") -> Bx:8~13 | I4: =IFERROR("pH:"&VLOOKUP($B$4,음료규격기준!$B:$I,3,FALSE()),"") -> pH:3.0~4.5 | J4: =IFERROR("산도:"&VLOOKUP($B$4,음료규격기준!$B:$I,4,FALSE()),"") -> 산도:0.2~1.0 | K4: =IFERROR("과즙:"&VLOOKUP($B$4,음료규격기준!$B:$I,5,FALSE()),"") -> 과즙:10~99% | N4: 품질목표 | O4: 당도(Bx) | P4: 산도(%) | Q4: 감미도 | R4: 단가(원/kg)
E5: 직접입력(F4) 우선적용 | 🟢초록=가이드DB 매칭됨 | 🟡노랑=직접입력(미매칭) | O5: 11 | P5: 0.35 | Q5: — | R5: 1500
A6: No | B6: 구분 | C6: 원료명 (드롭다운) | D6: 배합비 (%) | E6: AI추천 원료명 | F6: AI (%) | G6: 실제사례 원료명 | H6: 사례 (%) | I6: 당도 (Bx) | J6: 산도 (%) | K6: 감미도 | L6: 기능1 | M6: 기능2 | N6: 단가 (원/kg) | O6: 당기여 | P6: 산기여 | Q6: 감미기여 | R6: 단가기여 (원/kg) | S6: 배합량 (g/kg)
A7: 1 | B7: 원재료 | C7: 사과농축과즙(70Brix) | D7: 8 | E7: =IFERROR(VLOOKUP($B$4&"_"&IF($F$4<>"",$F$4,$D$4)&"_1",가이드배합비DB!$A:$G,4,FALSE()),"") -> 사과농축과즙(70Brix) | F7: =IFERROR(VLOOKUP($B$4&"_"&IF($F$4<>"",$F$4,$D$4)&"_1",가이드배합비DB!$A:$G,5,FALSE()),"") -> 8 | G7: =IFERROR(VLOOKUP($B$4&"_"&IF($F$4<>"",$F$4,$D$4)&"_1",가이드배합비DB!$A:$G,6,FALSE()),"") -> 사과농축과즙(70Brix) | H7: =IFERROR(VLOOKUP($B$4&"_"&IF($F$4<>"",$F$4,$D$4)&"_1",가이드배합비DB!$A:$G,7,FALSE()),"") -> 3 | I7: =IFERROR(VLOOKUP(C7,원료DB!$D:$Q,2,FALSE()),"") -> 70 | J7: =IFERROR(VLOOKUP(C7,원료DB!$D:$Q,4,FALSE()),"") -> 3.5 | K7: =IFERROR(VLOOKUP(C7,원료DB!$D:$Q,5,FALSE()),"") -> 0 | N7: =IFERROR(VLOOKUP(C7,원료DB!$D:$Q,9,FALSE()),"") -> 3500 | O7: =IFERROR(D7/100*I7,0) -> 5.6 | P7: =IFERROR(D7/100*J7,0) -> 0.28 | Q7: =IFERROR(D7/100*K7,0) -> 0 | R7: =IFERROR(D7/100*N7,0) -> 280 | S7: =IFERROR(D7*10,0) -> 80
A8: 2 | C8: 사과페이스트 | D8: 5 | E8: =IFERROR(VLOOKUP($B$4&"_"&IF($F$4<>"",$F$4,$D$4)&"_2",가이드배합비DB!$A:$G,4,FALSE()),"") -> 사과페이스트 | F8: =IFERROR(VLOOKUP($B$4&"_"&IF($F$4<>"",$F$4,$D$4)&"_2",가이드배합비DB!$A:$G,5,FALSE()),"") -> 5 | G8: =IFERROR(VLOOKUP($B$4&"_"&IF($F$4<>"",$F$4,$D$4)&"_2",가이드배합비DB!$A:$G,6,FALSE()),"") -> 사과퓨레 | H8: =IFERROR(VLOOKUP($B$4&"_"&IF($F$4<>"",$F$4,$D$4)&"_2",가이드배합비DB!$A:$G,7,FALSE()),"") -> 10 | I8: =IFERROR(VLOOKUP(C8,원료DB!$D:$Q,2,FALSE()),"") -> 4 | J8: =IFERROR(VLOOKUP(C8,원료DB!$D:$Q,4,FALSE()),"") -> 0.25 | K8: =IFERROR(VLOOKUP(C8,원료DB!$D:$Q,5,FALSE()),"") -> 0 | N8: =IFERROR(VLOOKUP(C8,원료DB!$D:$Q,9,FALSE()),"") -> 650 | O8: =IFERROR(D8/100*I8,0) -> 0.2 | P8: =IFERROR(D8/100*J8,0) -> 0.0125 | Q8: =IFERROR(D8/100*K8,0) -> 0 | R8: =IFERROR(D8/100*N8,0) -> 32.5 | S8: =IFERROR(D8*10,0) -> 50
A9: 3 | E9: =IFERROR(VLOOKUP($B$4&"_"&IF($F$4<>"",$F$4,$D$4)&"_3",가이드배합비DB!$A:$G,4,FALSE()),"") -> 0 | F9: =IFERROR(VLOOKUP($B$4&"_"&IF($F$4<>"",$F$4,$D$4)&"_3",가이드배합비DB!$A:$G,5,FALSE()),"") -> 0 | G9: =IFERROR(VLOOKUP($B$4&"_"&IF($F$4<>"",$F$4,$D$4)&"_3",가이드배합비DB!$A:$G,6,FALSE()),"") -> 사과농축과즙(70Brix) | H9: =IFERROR(VLOOKUP($B$4&"_"&IF($F$4<>"",$F$4,$D$4)&"_3",가이드배합비DB!$A:$G,7,FALSE()),"") -> 3 | I9: =IFERROR(VLOOKUP(C9,원료DB!$D:$Q,2,FALSE()),"") | J9: =IFERROR(VLOOKUP(C9,원료DB!$D:$Q,4,FALSE()),"") | K9: =IFERROR(VLOOKUP(C9,원료DB!$D:$Q,5,FALSE()),"") | N9: =IFERROR(VLOOKUP(C9,원료DB!$D:$Q,9,FALSE()),"") | O9: =IFERROR(D9/100*I9,0) -> 0 | P9: =IFERROR(D9/100*J9,0) -> 0 | Q9: =IFERROR(D9/100*K9,0) -> 0 | R9: =IFERROR(D9/100*N9,0) -> 0 | S9: =IFERROR(D9*10,0) -> 0
A10: 4 | E10: =IFERROR(VLOOKUP($B$4&"_"&IF($F$4<>"",$F$4,$D$4)&"_4",가이드배합비DB!$A:$G,4,FALSE()),"") -> 0 | F10: =IFERROR(VLOOKUP($B$4&"_"&IF($F$4<>"",$F$4,$D$4)&"_4",가이드배합비DB!$A:$G,5,FALSE()),"") -> 0 | G10: =IFERROR(VLOOKUP($B$4&"_"&IF($F$4<>"",$F$4,$D$4)&"_4",가이드배합비DB!$A:$G,6,FALSE()),"") -> 0 | H10: =IFERROR(VLOOKUP($B$4&"_"&IF($F$4<>"",$F$4,$D$4)&"_4",가이드배합비DB!$A:$G,7,FALSE()),"") -> 0 | I10: =IFERROR(VLOOKUP(C10,원료DB!$D:$Q,2,FALSE()),"") | J10: =IFERROR(VLOOKUP(C10,원료DB!$D:$Q,4,FALSE()),"") | K10: =IFERROR(VLOOKUP(C10,원료DB!$D:$Q,5,FALSE()),"") | N10: =IFERROR(VLOOKUP(C10,원료DB!$D:$Q,9,FALSE()),"") | O10: =IFERROR(D10/100*I10,0) -> 0 | P10: =IFERROR(D10/100*J10,0) -> 0 | Q10: =IFERROR(D10/100*K10,0) -> 0 | R10: =IFERROR(D10/100*N10,0) -> 0 | S10: =IFERROR(D10*10,0) -> 0
A11: 5 | B11: 당류/ 감미료 | C11: 액상과당(HFCS55) | D11: 7 | E11: =IFERROR(VLOOKUP($B$4&"_"&IF($F$4<>"",$F$4,$D$4)&"_5",가이드배합비DB!$A:$G,4,FALSE()),"") -> 액상과당(HFCS55) | F11: =IFERROR(VLOOKUP($B$4&"_"&IF($F$4<>"",$F$4,$D$4)&"_5",가이드배합비DB!$A:$G,5,FALSE()),"") -> 7 | G11: =IFERROR(VLOOKUP($B$4&"_"&IF($F$4<>"",$F$4,$D$4)&"_5",가이드배합비DB!$A:$G,6,FALSE()),"") -> 프락토올리고당(FOS) | H11: =IFERROR(VLOOKUP($B$4&"_"&IF($F$4<>"",$F$4,$D$4)&"_5",가이드배합비DB!$A:$G,7,FALSE()),"") -> 8.5 | I11: =IFERROR(VLOOKUP(C11,원료DB!$D:$Q,2,FALSE()),"") -> 77 | J11: =IFERROR(VLOOKUP(C11,원료DB!$D:$Q,4,FALSE()),"") -> — | K11: =IFERROR(VLOOKUP(C11,원료DB!$D:$Q,5,FALSE()),"") -> 1 | N11: =IFERROR(VLOOKUP(C11,원료DB!$D:$Q,9,FALSE()),"") -> 1000 | O11: =IFERROR(D11/100*I11,0) -> 5.39 | P11: =IFERROR(D11/100*J11,0) -> 0 | Q11: =IFERROR(D11/100*K11,0) -> 0.07 | R11: =IFERROR(D11/100*N11,0) -> 70 | S11: =IFERROR(D11*10,0) -> 70
A12: 6 | C12: 백설탕(정제당) | D12: 2 | E12: =IFERROR(VLOOKUP($B$4&"_"&IF($F$4<>"",$F$4,$D$4)&"_6",가이드배합비DB!$A:$G,4,FALSE()),"") -> 백설탕(정제당) | F12: =IFERROR(VLOOKUP($B$4&"_"&IF($F$4<>"",$F$4,$D$4)&"_6",가이드배합비DB!$A:$G,5,FALSE()),"") -> 2 | G12: =IFERROR(VLOOKUP($B$4&"_"&IF($F$4<>"",$F$4,$D$4)&"_6",가이드배합비DB!$A:$G,6,FALSE()),"") -> 0 | H12: =IFERROR(VLOOKUP($B$4&"_"&IF($F$4<>"",$F$4,$D$4)&"_6",가이드배합비DB!$A:$G,7,FALSE()),"") -> 0 | I12: =IFERROR(VLOOKUP(C12,원료DB!$D:$Q,2,FALSE()),"") -> 99.9 | J12: =IFERROR(VLOOKUP(C12,원료DB!$D:$Q,4,FALSE()),"") -> — | K12: =IFERROR(VLOOKUP(C12,원료DB!$D:$Q,5,FALSE()),"") -> 1 | N12: =IFERROR(VLOOKUP(C12,원료DB!$D:$Q,9,FALSE()),"") -> 1200 | O12: =IFERROR(D12/100*I12,0) -> 1.998 | P12: =IFERROR(D12/100*J12,0) -> 0 | Q12: =IFERROR(D12/100*K12,0) -> 0.02 | R12: =IFERROR(D12/100*N12,0) -> 24 | S12: =IFERROR(D12*10,0) -> 20
A13: 7 | E13: =IFERROR(VLOOKUP($B$4&"_"&IF($F$4<>"",$F$4,$D$4)&"_7",가이드배합비DB!$A:$G,4,FALSE()),"") -> 0 | F13: =IFERROR(VLOOKUP($B$4&"_"&IF($F$4<>"",$F$4,$D$4)&"_7",가이드배합비DB!$A:$G,5,FALSE()),"") -> 0 | G13: =IFERROR(VLOOKUP($B$4&"_"&IF($F$4<>"",$F$4,$D$4)&"_7",가이드배합비DB!$A:$G,6,FALSE()),"") -> 0 | H13: =IFERROR(VLOOKUP($B$4&"_"&IF($F$4<>"",$F$4,$D$4)&"_7",가이드배합비DB!$A:$G,7,FALSE()),"") -> 0 | I13: =IFERROR(VLOOKUP(C13,원료DB!$D:$Q,2,FALSE()),"") | J13: =IFERROR(VLOOKUP(C13,원료DB!$D:$Q,4,FALSE()),"") | K13: =IFERROR(VLOOKUP(C13,원료DB!$D:$Q,5,FALSE()),"") | N13: =IFERROR(VLOOKUP(C13,원료DB!$D:$Q,9,FALSE()),"") | O13: =IFERROR(D13/100*I13,0) -> 0 | P13: =IFERROR(D13/100*J13,0) -> 0 | Q13: =IFERROR(D13/100*K13,0) -> 0 | R13: =IFERROR(D13/100*N13,0) -> 0 | S13: =IFERROR(D13*10,0) -> 0
A14: 8 | E14: =IFERROR(VLOOKUP($B$4&"_"&IF($F$4<>"",$F$4,$D$4)&"_8",가이드배합비DB!$A:$G,4,FALSE()),"") -> 0 | F14: =IFERROR(VLOOKUP($B$4&"_"&IF($F$4<>"",$F$4,$D$4)&"_8",가이드배합비DB!$A:$G,5,FALSE()),"") -> 0 | G14: =IFERROR(VLOOKUP($B$4&"_"&IF($F$4<>"",$F$4,$D$4)&"_8",가이드배합비DB!$A:$G,6,FALSE()),"") -> 0 | H14: =IFERROR(VLOOKUP($B$4&"_"&IF($F$4<>"",$F$4,$D$4)&"_8",가이드배합비DB!$A:$G,7,FALSE()),"") -> 0 | I14: =IFERROR(VLOOKUP(C14,원료DB!$D:$Q,2,FALSE()),"") | J14: =IFERROR(VLOOKUP(C14,원료DB!$D:$Q,4,FALSE()),"") | K14: =IFERROR(VLOOKUP(C14,원료DB!$D:$Q,5,FALSE()),"") | N14: =IFERROR(VLOOKUP(C14,원료DB!$D:$Q,9,FALSE()),"") | O14: =IFERROR(D14/100*I14,0) -> 0 | P14: =IFERROR(D14/100*J14,0) -> 0 | Q14: =IFERROR(D14/100*K14,0) -> 0 | R14: =IFERROR(D14/100*N14,0) -> 0 | S14: =IFERROR(D14*10,0) -> 0
A15: 9 | B15: 안정제/ 호료 | C15: 펙틴(HM/고메톡실) | D15: 0.15 | E15: =IFERROR(VLOOKUP($B$4&"_"&IF($F$4<>"",$F$4,$D$4)&"_9",가이드배합비DB!$A:$G,4,FALSE()),"") -> 펙틴(HM/고메톡실) | F15: =IFERROR(VLOOKUP($B$4&"_"&IF($F$4<>"",$F$4,$D$4)&"_9",가이드배합비DB!$A:$G,5,FALSE()),"") -> 0.15 | G15: =IFERROR(VLOOKUP($B$4&"_"&IF($F$4<>"",$F$4,$D$4)&"_9",가이드배합비DB!$A:$G,6,FALSE()),"") -> 펙틴(HM/고메톡실) | H15: =IFERROR(VLOOKUP($B$4&"_"&IF($F$4<>"",$F$4,$D$4)&"_9",가이드배합비DB!$A:$G,7,FALSE()),"") -> 0.15 | I15: =IFERROR(VLOOKUP(C15,원료DB!$D:$Q,2,FALSE()),"") -> — | J15: =IFERROR(VLOOKUP(C15,원료DB!$D:$Q,4,FALSE()),"") -> — | K15: =IFERROR(VLOOKUP(C15,원료DB!$D:$Q,5,FALSE()),"") -> 0 | N15: =IFERROR(VLOOKUP(C15,원료DB!$D:$Q,9,FALSE()),"") -> 25000 | O15: =IFERROR(D15/100*I15,0) -> 0 | P15: =IFERROR(D15/100*J15,0) -> 0 | Q15: =IFERROR(D15/100*K15,0) -> 0 | R15: =IFERROR(D15/100*N15,0) -> 37.5 | S15: =IFERROR(D15*10,0) -> 1.5
A16: 10 | E16: =IFERROR(VLOOKUP($B$4&"_"&IF($F$4<>"",$F$4,$D$4)&"_10",가이드배합비DB!$A:$G,4,FALSE()),"") -> 0 | F16: =IFERROR(VLOOKUP($B$4&"_"&IF($F$4<>"",$F$4,$D$4)&"_10",가이드배합비DB!$A:$G,5,FALSE()),"") -> 0 | G16: =IFERROR(VLOOKUP($B$4&"_"&IF($F$4<>"",$F$4,$D$4)&"_10",가이드배합비DB!$A:$G,6,FALSE()),"") -> 0 | H16: =IFERROR(VLOOKUP($B$4&"_"&IF($F$4<>"",$F$4,$D$4)&"_10",가이드배합비DB!$A:$G,7,FALSE()),"") -> 0 | I16: =IFERROR(VLOOKUP(C16,원료DB!$D:$Q,2,FALSE()),"") | J16: =IFERROR(VLOOKUP(C16,원료DB!$D:$Q,4,FALSE()),"") | K16: =IFERROR(VLOOKUP(C16,원료DB!$D:$Q,5,FALSE()),"") | N16: =IFERROR(VLOOKUP(C16,원료DB!$D:$Q,9,FALSE()),"") | O16: =IFERROR(D16/100*I16,0) -> 0 | P16: =IFERROR(D16/100*J16,0) -> 0 | Q16: =IFERROR(D16/100*K16,0) -> 0 | R16: =IFERROR(D16/100*N16,0) -> 0 | S16: =IFERROR(D16*10,0) -> 0
A17: 11 | E17: =IFERROR(VLOOKUP($B$4&"_"&IF($F$4<>"",$F$4,$D$4)&"_11",가이드배합비DB!$A:$G,4,FALSE()),"") -> 0 | F17: =IFERROR(VLOOKUP($B$4&"_"&IF($F$4<>"",$F$4,$D$4)&"_11",가이드배합비DB!$A:$G,5,FALSE()),"") -> 0 | G17: =IFERROR(VLOOKUP($B$4&"_"&IF($F$4<>"",$F$4,$D$4)&"_11",가이드배합비DB!$A:$G,6,FALSE()),"") -> 0 | H17: =IFERROR(VLOOKUP($B$4&"_"&IF($F$4<>"",$F$4,$D$4)&"_11",가이드배합비DB!$A:$G,7,FALSE()),"") -> 0 | I17: =IFERROR(VLOOKUP(C17,원료DB!$D:$Q,2,FALSE()),"") | J17: =IFERROR(VLOOKUP(C17,원료DB!$D:$Q,4,FALSE()),"") | K17: =IFERROR(VLOOKUP(C17,원료DB!$D:$Q,5,FALSE()),"") | N17: =IFERROR(VLOOKUP(C17,원료DB!$D:$Q,9,FALSE()),"") | O17: =IFERROR(D17/100*I17,0) -> 0 | P17: =IFERROR(D17/100*J17,0) -> 0 | Q17: =IFERROR(D17/100*K17,0) -> 0 | R17: =IFERROR(D17/100*N17,0) -> 0 | S17: =IFERROR(D17*10,0) -> 0
A18: 12 | E18: =IFERROR(VLOOKUP($B$4&"_"&IF($F$4<>"",$F$4,$D$4)&"_12",가이드배합비DB!$A:$G,4,FALSE()),"") -> 0 | F18: =IFERROR(VLOOKUP($B$4&"_"&IF($F$4<>"",$F$4,$D$4)&"_12",가이드배합비DB!$A:$G,5,FALSE()),"") -> 0 | G18: =IFERROR(VLOOKUP($B$4&"_"&IF($F$4<>"",$F$4,$D$4)&"_12",가이드배합비DB!$A:$G,6,FALSE()),"") -> 0 | H18: =IFERROR(VLOOKUP($B$4&"_"&IF($F$4<>"",$F$4,$D$4)&"_12",가이드배합비DB!$A:$G,7,FALSE()),"") -> 0 | I18: =IFERROR(VLOOKUP(C18,원료DB!$D:$Q,2,FALSE()),"") | J18: =IFERROR(VLOOKUP(C18,원료DB!$D:$Q,4,FALSE()),"") | K18: =IFERROR(VLOOKUP(C18,원료DB!$D:$Q,5,FALSE()),"") | N18: =IFERROR(VLOOKUP(C18,원료DB!$D:$Q,9,FALSE()),"") | O18: =IFERROR(D18/100*I18,0) -> 0 | P18: =IFERROR(D18/100*J18,0) -> 0 | Q18: =IFERROR(D18/100*K18,0) -> 0 | R18: =IFERROR(D18/100*N18,0) -> 0 | S18: =IFERROR(D18*10,0) -> 0
A19: 13 | B19: 기타 자재 | C19: 구연산(무수) | D19: 0.15 | E19: =IFERROR(VLOOKUP($B$4&"_"&IF($F$4<>"",$F$4,$D$4)&"_13",가이드배합비DB!$A:$G,4,FALSE()),"") -> 구연산(무수) | F19: =IFERROR(VLOOKUP($B$4&"_"&IF($F$4<>"",$F$4,$D$4)&"_13",가이드배합비DB!$A:$G,5,FALSE()),"") -> 0.15 | G19: =IFERROR(VLOOKUP($B$4&"_"&IF($F$4<>"",$F$4,$D$4)&"_13",가이드배합비DB!$A:$G,6,FALSE()),"") -> 구연산(무수) | H19: =IFERROR(VLOOKUP($B$4&"_"&IF($F$4<>"",$F$4,$D$4)&"_13",가이드배합비DB!$A:$G,7,FALSE()),"") -> 0.16 | I19: =IFERROR(VLOOKUP(C19,원료DB!$D:$Q,2,FALSE()),"") -> — | J19: =IFERROR(VLOOKUP(C19,원료DB!$D:$Q,4,FALSE()),"") -> — | K19: =IFERROR(VLOOKUP(C19,원료DB!$D:$Q,5,FALSE()),"") -> 0 | N19: =IFERROR(VLOOKUP(C19,원료DB!$D:$Q,9,FALSE()),"") -> 2500 | O19: =IFERROR(D19/100*I19,0) -> 0 | P19: =IFERROR(D19/100*J19,0) -> 0 | Q19: =IFERROR(D19/100*K19,0) -> 0 | R19: =IFERROR(D19/100*N19,0) -> 3.75 | S19: =IFERROR(D19*10,0) -> 1.5
A20: 14 | C20: 사과향 | D20: 0.1 | E20: =IFERROR(VLOOKUP($B$4&"_"&IF($F$4<>"",$F$4,$D$4)&"_14",가이드배합비DB!$A:$G,4,FALSE()),"") -> 사과향 | F20: =IFERROR(VLOOKUP($B$4&"_"&IF($F$4<>"",$F$4,$D$4)&"_14",가이드배합비DB!$A:$G,5,FALSE()),"") -> 0.1 | G20: =IFERROR(VLOOKUP($B$4&"_"&IF($F$4<>"",$F$4,$D$4)&"_14",가이드배합비DB!$A:$G,6,FALSE()),"") -> 니코틴산아미드 | H20: =IFERROR(VLOOKUP($B$4&"_"&IF($F$4<>"",$F$4,$D$4)&"_14",가이드배합비DB!$A:$G,7,FALSE()),"") -> 0.003 | I20: =IFERROR(VLOOKUP(C20,원료DB!$D:$Q,2,FALSE()),"") -> — | J20: =IFERROR(VLOOKUP(C20,원료DB!$D:$Q,4,FALSE()),"") -> — | K20: =IFERROR(VLOOKUP(C20,원료DB!$D:$Q,5,FALSE()),"") -> 0 | N20: =IFERROR(VLOOKUP(C20,원료DB!$D:$Q,9,FALSE()),"") -> 40000 | O20: =IFERROR(D20/100*I20,0) -> 0 | P20: =IFERROR(D20/100*J20,0) -> 0 | Q20: =IFERROR(D20/100*K20,0) -> 0 | R20: =IFERROR(D20/100*N20,0) -> 40 | S20: =IFERROR(D20*10,0) -> 1
A21: 15 | C21: 아스코르빈산(비타민C) | D21: 0.05 | E21: =IFERROR(VLOOKUP($B$4&"_"&IF($F$4<>"",$F$4,$D$4)&"_15",가이드배합비DB!$A:$G,4,FALSE()),"") -> 아스코르빈산(비타민C) | F21: =IFERROR(VLOOKUP($B$4&"_"&IF($F$4<>"",$F$4,$D$4)&"_15",가이드배합비DB!$A:$G,5,FALSE()),"") -> 0.05 | G21: =IFERROR(VLOOKUP($B$4&"_"&IF($F$4<>"",$F$4,$D$4)&"_15",가이드배합비DB!$A:$G,6,FALSE()),"") -> 아스코르빈산(비타민C) | H21: =IFERROR(VLOOKUP($B$4&"_"&IF($F$4<>"",$F$4,$D$4)&"_15",가이드배합비DB!$A:$G,7,FALSE()),"") -> 0.04 | I21: =IFERROR(VLOOKUP(C21,원료DB!$D:$Q,2,FALSE()),"") -> — | J21: =IFERROR(VLOOKUP(C21,원료DB!$D:$Q,4,FALSE()),"") -> — | K21: =IFERROR(VLOOKUP(C21,원료DB!$D:$Q,5,FALSE()),"") -> 0 | N21: =IFERROR(VLOOKUP(C21,원료DB!$D:$Q,9,FALSE()),"") -> 12000 | O21: =IFERROR(D21/100*I21,0) -> 0 | P21: =IFERROR(D21/100*J21,0) -> 0 | Q21: =IFERROR(D21/100*K21,0) -> 0 | R21: =IFERROR(D21/100*N21,0) -> 6 | S21: =IFERROR(D21*10,0) -> 0.5
A22: 16 | C22: 베타카로틴(합성) | D22: 0.02 | E22: =IFERROR(VLOOKUP($B$4&"_"&IF($F$4<>"",$F$4,$D$4)&"_16",가이드배합비DB!$A:$G,4,FALSE()),"") -> 베타카로틴(합성) | F22: =IFERROR(VLOOKUP($B$4&"_"&IF($F$4<>"",$F$4,$D$4)&"_16",가이드배합비DB!$A:$G,5,FALSE()),"") -> 0.02 | G22: =IFERROR(VLOOKUP($B$4&"_"&IF($F$4<>"",$F$4,$D$4)&"_16",가이드배합비DB!$A:$G,6,FALSE()),"") -> 0 | H22: =IFERROR(VLOOKUP($B$4&"_"&IF($F$4<>"",$F$4,$D$4)&"_16",가이드배합비DB!$A:$G,7,FALSE()),"") -> 0 | I22: =IFERROR(VLOOKUP(C22,원료DB!$D:$Q,2,FALSE()),"") -> — | J22: =IFERROR(VLOOKUP(C22,원료DB!$D:$Q,4,FALSE()),"") -> — | K22: =IFERROR(VLOOKUP(C22,원료DB!$D:$Q,5,FALSE()),"") -> 0 | N22: =IFERROR(VLOOKUP(C22,원료DB!$D:$Q,9,FALSE()),"") -> 25000 | O22: =IFERROR(D22/100*I22,0) -> 0 | P22: =IFERROR(D22/100*J22,0) -> 0 | Q22: =IFERROR(D22/100*K22,0) -> 0 | R22: =IFERROR(D22/100*N22,0) -> 5 | S22: =IFERROR(D22*10,0) -> 0.2
A23: 17 | E23: =IFERROR(VLOOKUP($B$4&"_"&IF($F$4<>"",$F$4,$D$4)&"_17",가이드배합비DB!$A:$G,4,FALSE()),"") -> 0 | F23: =IFERROR(VLOOKUP($B$4&"_"&IF($F$4<>"",$F$4,$D$4)&"_17",가이드배합비DB!$A:$G,5,FALSE()),"") -> 0 | G23: =IFERROR(VLOOKUP($B$4&"_"&IF($F$4<>"",$F$4,$D$4)&"_17",가이드배합비DB!$A:$G,6,FALSE()),"") -> 0 | H23: =IFERROR(VLOOKUP($B$4&"_"&IF($F$4<>"",$F$4,$D$4)&"_17",가이드배합비DB!$A:$G,7,FALSE()),"") -> 0 | I23: =IFERROR(VLOOKUP(C23,원료DB!$D:$Q,2,FALSE()),"") | J23: =IFERROR(VLOOKUP(C23,원료DB!$D:$Q,4,FALSE()),"") | K23: =IFERROR(VLOOKUP(C23,원료DB!$D:$Q,5,FALSE()),"") | N23: =IFERROR(VLOOKUP(C23,원료DB!$D:$Q,9,FALSE()),"") | O23: =IFERROR(D23/100*I23,0) -> 0 | P23: =IFERROR(D23/100*J23,0) -> 0 | Q23: =IFERROR(D23/100*K23,0) -> 0 | R23: =IFERROR(D23/100*N23,0) -> 0 | S23: =IFERROR(D23*10,0) -> 0
A24: 18 | E24: =IFERROR(VLOOKUP($B$4&"_"&IF($F$4<>"",$F$4,$D$4)&"_18",가이드배합비DB!$A:$G,4,FALSE()),"") -> 0 | F24: =IFERROR(VLOOKUP($B$4&"_"&IF($F$4<>"",$F$4,$D$4)&"_18",가이드배합비DB!$A:$G,5,FALSE()),"") -> 0 | G24: =IFERROR(VLOOKUP($B$4&"_"&IF($F$4<>"",$F$4,$D$4)&"_18",가이드배합비DB!$A:$G,6,FALSE()),"") -> 0 | H24: =IFERROR(VLOOKUP($B$4&"_"&IF($F$4<>"",$F$4,$D$4)&"_18",가이드배합비DB!$A:$G,7,FALSE()),"") -> 0 | I24: =IFERROR(VLOOKUP(C24,원료DB!$D:$Q,2,FALSE()),"") | J24: =IFERROR(VLOOKUP(C24,원료DB!$D:$Q,4,FALSE()),"") | K24: =IFERROR(VLOOKUP(C24,원료DB!$D:$Q,5,FALSE()),"") | N24: =IFERROR(VLOOKUP(C24,원료DB!$D:$Q,9,FALSE()),"") | O24: =IFERROR(D24/100*I24,0) -> 0 | P24: =IFERROR(D24/100*J24,0) -> 0 | Q24: =IFERROR(D24/100*K24,0) -> 0 | R24: =IFERROR(D24/100*N24,0) -> 0 | S24: =IFERROR(D24*10,0) -> 0
A25: 19 | E25: =IFERROR(VLOOKUP($B$4&"_"&IF($F$4<>"",$F$4,$D$4)&"_19",가이드배합비DB!$A:$G,4,FALSE()),"") -> 0 | F25: =IFERROR(VLOOKUP($B$4&"_"&IF($F$4<>"",$F$4,$D$4)&"_19",가이드배합비DB!$A:$G,5,FALSE()),"") -> 0 | G25: =IFERROR(VLOOKUP($B$4&"_"&IF($F$4<>"",$F$4,$D$4)&"_19",가이드배합비DB!$A:$G,6,FALSE()),"") -> 0 | H25: =IFERROR(VLOOKUP($B$4&"_"&IF($F$4<>"",$F$4,$D$4)&"_19",가이드배합비DB!$A:$G,7,FALSE()),"") -> 0 | I25: =IFERROR(VLOOKUP(C25,원료DB!$D:$Q,2,FALSE()),"") | J25: =IFERROR(VLOOKUP(C25,원료DB!$D:$Q,4,FALSE()),"") | K25: =IFERROR(VLOOKUP(C25,원료DB!$D:$Q,5,FALSE()),"") | N25: =IFERROR(VLOOKUP(C25,원료DB!$D:$Q,9,FALSE()),"") | O25: =IFERROR(D25/100*I25,0) -> 0 | P25: =IFERROR(D25/100*J25,0) -> 0 | Q25: =IFERROR(D25/100*K25,0) -> 0 | R25: =IFERROR(D25/100*N25,0) -> 0 | S25: =IFERROR(D25*10,0) -> 0
A26: 20 | B26: 정제수 | C26: 정제수 | D26: =100-SUM(D7:D25) -> 77.53 | E26: 정제수 | F26: =IFERROR(VLOOKUP($B$4&"_"&IF($F$4<>"",$F$4,$D$4)&"_20",가이드배합비DB!$A:$G,5,FALSE()),"") -> 77.53 | G26: 정제수 | H26: =IFERROR(VLOOKUP($B$4&"_"&IF($F$4<>"",$F$4,$D$4)&"_20",가이드배합비DB!$A:$G,7,FALSE()),"") -> 75.15 | I26: 0 | J26: 0 | K26: 0 | N26: 2 | O26: 0 | P26: 0 | Q26: 0 | R26: =D26/100*N26 -> 1.5506 | S26: =D26*10 -> 775.3
A27: 합 계 | D27: =SUM(D7:D26) -> 100 | F27: =SUM(F7:F26) -> 100 | H27: =SUM(H7:H26) -> 100.003 | O27: =SUM(O7:O26) -> 13.188 | P27: =SUM(P7:P26) -> 0.2925 | Q27: =SUM(Q7:Q26) -> 0.09 | R27: =SUM(R7:R26) -> 500.3006 | S27: =SUM(S7:S26) -> 1000
C28: 원재료함량 | D28: =SUM(D7:D10)/100 -> 0.13 | N28: 농축율 | O28: =IF(O5>0,O27/O5,"") -> 1.1989091
A30: ▶ 시뮬레이션 결과 요약
A31: 배합비 합계(%) | D31: =D27 -> 100 | E31: =IF(ABS(D27-100)<0.1,"✅ 100% 충족","⚠️ "&ROUND(D27,1)&"% - 조정필요") -> ✅ 100% 충족
A32: 예상 당도(Bx) | D32: =O27 -> 13.188 | E32: =IFERROR(IF(VLOOKUP($B$4,음료규격기준!$B:$O,9,FALSE())="","ℹ️ 규격없음",IF(AND(D32>=VLOOKUP($B$4,음료규격기준!$B:$O,9,FALSE()),D32<=VLOOKUP($B$4,음료규격기준!$B:$O,10,FALSE())),"✅ 규격이내("&VLOOKUP($B$4,음료규격기준!$B:$I,2,FALSE())&"°)",IF(D32<VLOOKUP($B$4,음료규격기준!$B:$O,9,FALSE()),"⚠️ 하한미달("&VLOOKUP($B$4,음료규격기준!$B:$I,2,FALSE())&"°)","⚠️ 상한초과("&VLOOKUP($B$4,음료규격기준!$B:$I,2,FALSE())&"°)"))),"ℹ️ 참조불가") -> ⚠️ 상한초과(8~13°)
A33: 예상 산도(%) | D33: =P27 -> 0.2925 | E33: =IFERROR(IF(VLOOKUP($B$4,음료규격기준!$B:$O,13,FALSE())="","ℹ️ 산도규격없음",IF(AND(D33>=VLOOKUP($B$4,음료규격기준!$B:$O,13,FALSE()),D33<=VLOOKUP($B$4,음료규격기준!$B:$O,14,FALSE())),"✅ 규격이내("&VLOOKUP($B$4,음료규격기준!$B:$I,4,FALSE())&"%)","⚠️ 규격벗어남("&VLOOKUP($B$4,음료규격기준!$B:$I,4,FALSE())&"%)")),"ℹ️ 산도규격없음") -> ✅ 규격이내(0.2~1.0%)
A34: 예상 감미도 | D34: =Q27 -> 0.09
A35: 원재료비(원/kg) | D35: =R27 -> 500.3006 | E35: =IF(R5>0,IF(R27<=R5,"✅ 목표이내","⚠️ 목표("&TEXT(R5,"#,##0")&"원) 초과 +"&TEXT(R27-R5,"#,##0")&"원"),"") -> ✅ 목표이내
A36: 원재료비(원/병) | D36: =R27*J3/1000 -> 500.3006
A37: 원료 사용 종류(개) | D37: =COUNTA(C7:C26) -> 10
A38: 정제수 비율(%) | D38: =D26 -> 77.53 | E38: =IF(D26>=50,"✅ 적정(50%이상)",IF(D26>=30,"ℹ️ 보통","⚠️ 정제수 부족")) -> ✅ 적정(50%이상)
A39: pH 규격 (참고) | D39: — | E39: =IFERROR("ℹ️ pH규격: "&VLOOKUP($B$4,음료규격기준!$B:$I,3,FALSE())&" → 실측 필요","") -> ℹ️ pH규격: 3.0~4.5 → 실측 필요
A40: 원재료함량 vs 과즙기준 | D40: =D28 -> 0.13 | E40: =IFERROR("ℹ️ 과즙기준: "&VLOOKUP($B$4,음료규격기준!$B:$I,5,FALSE())&" | 현재: "&TEXT(D28*100,"0.0")&"%","") -> ℹ️ 과즙기준: 10~99% | 현재: 13.0%
A42: ▶ 사용방법
A43: 1. 음료유형(B4)+맛(D4) 드롭다운 선택 → 가이드DB에 있으면 셀이 🟢초록색으로 변합니다.
A44: 2. 드롭다운에 없는 맛은 F4(직접입력)에 자유입력하세요. 직접입력이 드롭다운보다 우선 적용됩니다.
A45: 3. E~F열(보라/AI추천), G~H열(연두/실제사례)를 참고하여 C열(원료명)+D열(배합비%)을 입력합니다.
A46: 4. 배합비는 100%기준. 정제수(row26)=[100%-원료합] 자동계산. 결과요약에서 규격판정 확인.
A47: 5. 가이드배합비DB 시트에서 새로운 유형+맛 조합을 직접 추가할 수 있습니다.

Sheet 원가계산서
A1: 음료 제품 원가계산서 (Cost Calculation Sheet)
A3: 제품명 | B3: =배합시뮬레이터!E3 -> 0 | D3: 용량(ml) | E3: =배합시뮬레이터!J3 -> 1000 | G3: 음료유형 | H3: (입력)
A4: 월생산량(병) | B4: 100000 | D4: 연생산량(병) | E4: =B4*12 -> 1200000 | G4: 포장용기 | H4: PET
A6: ① 원재료비 (배합시뮬레이터 자동연동)
A7: No | B7: 항목 | C7: 산출근거 | D7: 단가(원/kg) | E7: 사용량(kg/병) | F7: 비용(원/병) | G7: 비용(원/kg제품) | H7: 비고
A8: 1 | B8: =IFERROR(IF(배합시뮬레이터!C7="","",배합시뮬레이터!C7),"") -> 사과농축과즙(70Brix) | C8: =IFERROR(IF(배합시뮬레이터!D7=0,"",TEXT(배합시뮬레이터!D7,"0.00")&"%"),"") -> 8.00% | D8: =IFERROR(배합시뮬레이터!N7,0) -> 3500 | E8: =IFERROR(배합시뮬레이터!D7/100*$E$3/1000,0) -> 0.08 | F8: =IFERROR(D8*E8,0) -> 280 | G8: =IFERROR(배합시뮬레이터!R7,0) -> 280
A9: 2 | B9: =IFERROR(IF(배합시뮬레이터!C8="","",배합시뮬레이터!C8),"") -> 사과페이스트 | C9: =IFERROR(IF(배합시뮬레이터!D8=0,"",TEXT(배합시뮬레이터!D8,"0.00")&"%"),"") -> 5.00% | D9: =IFERROR(배합시뮬레이터!N8,0) -> 650 | E9: =IFERROR(배합시뮬레이터!D8/100*$E$3/1000,0) -> 0.05 | F9: =IFERROR(D9*E9,0) -> 32.5 | G9: =IFERROR(배합시뮬레이터!R8,0) -> 32.5
A10: 3 | B10: =IFERROR(IF(배합시뮬레이터!C9="","",배합시뮬레이터!C9),"") | C10: =IFERROR(IF(배합시뮬레이터!D9=0,"",TEXT(배합시뮬레이터!D9,"0.00")&"%"),"") | D10: =IFERROR(배합시뮬레이터!N9,0) | E10: =IFERROR(배합시뮬레이터!D9/100*$E$3/1000,0) -> 0 | F10: =IFERROR(D10*E10,0) -> 0 | G10: =IFERROR(배합시뮬레이터!R9,0) -> 0
A11: 4 | B11: =IFERROR(IF(배합시뮬레이터!C10="","",배합시뮬레이터!C10),"") | C11: =IFERROR(IF(배합시뮬레이터!D10=0,"",TEXT(배합시뮬레이터!D10,"0.00")&"%"),"") | D11: =IFERROR(배합시뮬레이터!N10,0) | E11: =IFERROR(배합시뮬레이터!D10/100*$E$3/1000,0) -> 0 | F11: =IFERROR(D11*E11,0) -> 0 | G11: =IFERROR(배합시뮬레이터!R10,0) -> 0
A12: 5 | B12: =IFERROR(IF(배합시뮬레이터!C11="","",배합시뮬레이터!C11),"") -> 액상과당(HFCS55) | C12: =IFERROR(IF(배합시뮬레이터!D11=0,"",TEXT(배합시뮬레이터!D11,"0.00")&"%"),"") -> 7.00% | D12: =IFERROR(배합시뮬레이터!N11,0) -> 1000 | E12: =IFERROR(배합시뮬레이터!D11/100*$E$3/1000,0) -> 0.07 | F12: =IFERROR(D12*E12,0) -> 70 | G12: =IFERROR(배합시뮬레이터!R11,0) -> 70
A13: 6 | B13: =IFERROR(IF(배합시뮬레이터!C12="","",배합시뮬레이터!C12),"") -> 백설탕(정제당) | C13: =IFERROR(IF(배합시뮬레이터!D12=0,"",TEXT(배합시뮬레이터!D12,"0.00")&"%"),"") -> 2.00% | D13: =IFERROR(배합시뮬레이터!N12,0) -> 1200 | E13: =IFERROR(배합시뮬레이터!D12/100*$E$3/1000,0) -> 0.02 | F13: =IFERROR(D13*E13,0) -> 24 | G13: =IFERROR(배합시뮬레이터!R12,0) -> 24
A14: 7 | B14: =IFERROR(IF(배합시뮬레이터!C13="","",배합시뮬레이터!C13),"") | C14: =IFERROR(IF(배합시뮬레이터!D13=0,"",TEXT(배합시뮬레이터!D13,"0.00")&"%"),"") | D14: =IFERROR(배합시뮬레이터!N13,0) | E14: =IFERROR(배합시뮬레이터!D13/100*$E$3/1000,0) -> 0 | F14: =IFERROR(D14*E14,0) -> 0 | G14: =IFERROR(배합시뮬레이터!R13,0) -> 0
A15: 8 | B15: =IFERROR(IF(배합시뮬레이터!C14="","",배합시뮬레이터!C14),"") | C15: =IFERROR(IF(배합시뮬레이터!D14=0,"",TEXT(배합시뮬레이터!D14,"0.00")&"%"),"") | D15: =IFERROR(배합시뮬레이터!N14,0) | E15: =IFERROR(배합시뮬레이터!D14/100*$E$3/1000,0) -> 0 | F15: =IFERROR(D15*E15,0) -> 0 | G15: =IFERROR(배합시뮬레이터!R14,0) -> 0
A16: 9 | B16: =IFERROR(IF(배합시뮬레이터!C15="","",배합시뮬레이터!C15),"") -> 펙틴(HM/고메톡실) | C16: =IFERROR(IF(배합시뮬레이터!D15=0,"",TEXT(배합시뮬레이터!D15,"0.00")&"%"),"") -> 0.15% | D16: =IFERROR(배합시뮬레이터!N15,0) -> 25000 | E16: =IFERROR(배합시뮬레이터!D15/100*$E$3/1000,0) -> 0.0015 | F16: =IFERROR(D16*E16,0) -> 37.5 | G16: =IFERROR(배합시뮬레이터!R15,0) -> 37.5
A17: 10 | B17: =IFERROR(IF(배합시뮬레이터!C16="","",배합시뮬레이터!C16),"") | C17: =IFERROR(IF(배합시뮬레이터!D16=0,"",TEXT(배합시뮬레이터!D16,"0.00")&"%"),"") | D17: =IFERROR(배합시뮬레이터!N16,0) | E17: =IFERROR(배합시뮬레이터!D16/100*$E$3/1000,0) -> 0 | F17: =IFERROR(D17*E17,0) -> 0 | G17: =IFERROR(배합시뮬레이터!R16,0) -> 0
A18: 11 | B18: =IFERROR(IF(배합시뮬레이터!C17="","",배합시뮬레이터!C17),"") | C18: =IFERROR(IF(배합시뮬레이터!D17=0,"",TEXT(배합시뮬레이터!D17,"0.00")&"%"),"") | D18: =IFERROR(배합시뮬레이터!N17,0) | E18: =IFERROR(배합시뮬레이터!D17/100*$E$3/1000,0) -> 0 | F18: =IFERROR(D18*E18,0) -> 0 | G18: =IFERROR(배합시뮬레이터!R17,0) -> 0
A19: 12 | B19: =IFERROR(IF(배합시뮬레이터!C18="","",배합시뮬레이터!C18),"") | C19: =IFERROR(IF(배합시뮬레이터!D18=0,"",TEXT(배합시뮬레이터!D18,"0.00")&"%"),"") | D19: =IFERROR(배합시뮬레이터!N18,0) | E19: =IFERROR(배합시뮬레이터!D18/100*$E$3/1000,0) -> 0 | F19: =IFERROR(D19*E19,0) -> 0 | G19: =IFERROR(배합시뮬레이터!R18,0) -> 0
... A27: 20 | B27: =IFERROR(IF(배합시뮬레이터!C26="","",배합시뮬레이터!C26),"") -> 정제수 | C27: =IFERROR(IF(배합시뮬레이터!D26=0,"",TEXT(배합시뮬레이터!D26,"0.00")&"%"),"") -> 77.53% | D27: =IFERROR(배합시뮬레이터!N26,0) -> 2 | E27: =IFERROR(배합시뮬레이터!D26/100*$E$3/1000,0) -> 0.7753 | F27: =IFERROR(D27*E27,0) -> 1.5506 | G27: =IFERROR(배합시뮬레이터!R26,0) -> 1.5506
A28: 원재료비 소계 | F28: =SUM(F8:F27) -> 500.3006 | G28: =SUM(G8:G27) -> 500.3006
A30: ② 포장재비
A31: No | B31: 항목 | C31: 산출근거 | D31: 단가(원/kg) | E31: 사용량(kg/병) | F31: 비용(원/병) | G31: 비용(원/kg제품) | H31: 비고
A32: 1 | B32: PET 용기 | C32: 용기단가 | D32: 45 | E32: 1 | F32: =D32*E32 -> 45 | G32: =F32/($E$3/1000) -> 45 | H32: PET 350ml 기준
A33: 2 | B33: PE 캡 (28mm) | C33: 캡단가 | D33: 8 | E33: 1 | F33: =D33*E33 -> 8 | G33: =F33/($E$3/1000) -> 8
A34: 3 | B34: 수축라벨 (PVC/PET) | C34: 라벨단가 | D34: 12 | E34: 1 | F34: =D34*E34 -> 12 | G34: =F34/($E$3/1000) -> 12 | H34: 열수축
A35: 4 | B35: 카톤박스 (24입) | C35: 박스단가/24 | D35: 50 | E35: 1 | F35: =D35*E35 -> 50 | G35: =F35/($E$3/1000) -> 50 | H35: 1200원/24입
A36: 5 | B36: 빨대/스트로우 | C36: 해당시 | D36: 0 | E36: 0 | F36: =D36*E36 -> 0 | G36: =F36/($E$3/1000) -> 0 | H36: 해당없음시 0
A37: 6 | B37: 쉬링크랩 | C37: 팩당가 | D37: 5 | E37: 1 | F37: =D37*E37 -> 5 | G37: =F37/($E$3/1000) -> 5
A38: 포장재비 소계 | F38: =SUM(F32:F37) -> 120 | G38: =SUM(G32:G37) -> 120
A40: ③ 제조경비 (가공비)
A41: No | B41: 항목 | C41: 산출근거 | D41: 단가(원/kg) | E41: 사용량(kg/병) | F41: 비용(원/병) | G41: 비용(원/kg제품) | H41: 비고
A42: 1 | B42: 인건비(직접) | C42: 작업자 시급×시간/생산량 | F42: 15 | G42: =F42/($E$3/1000) -> 15
A43: 2 | B43: 인건비(간접) | C43: 관리/품질인력 배분 | F43: 5 | G43: =F43/($E$3/1000) -> 5
A44: 3 | B44: 전력비 | C44: 살균/냉각/균질/충전 | F44: 8 | G44: =F44/($E$3/1000) -> 8
A45: 4 | B45: 용수비 | C45: 정제수제조+세척 | F45: 2 | G45: =F45/($E$3/1000) -> 2
A46: 5 | B46: 스팀비(열에너지) | C46: UHT살균/CIP | F46: 5 | G46: =F46/($E$3/1000) -> 5
A47: 6 | B47: 냉각비 | C47: 냉각수/냉매 | F47: 3 | G47: =F47/($E$3/1000) -> 3
A48: 7 | B48: 압축공기/CO₂ | C48: 탄산주입/공압 | F48: 2 | G48: =F48/($E$3/1000) -> 2
A49: 8 | B49: 세척(CIP)비 | C49: CIP약품+용수+스팀 | F49: 3 | G49: =F49/($E$3/1000) -> 3
A50: 9 | B50: 품질검사비 | C50: 이화학/미생물 | F50: 2 | G50: =F50/($E$3/1000) -> 2
A51: 10 | B51: 설비감가상각 | C51: 연감가/연생산량 | F51: 10 | G51: =F51/($E$3/1000) -> 10
A52: 11 | B52: 건물임차/감가 | C52: 공장 임대/감가비 | F52: 5 | G52: =F52/($E$3/1000) -> 5
A53: 제조경비 소계 | F53: =SUM(F42:F52) -> 60 | G53: =SUM(G42:G52) -> 60
A55: ④ 총괄 원가 요약
B56: 원재료비 | F56: =F28 -> 500.3006 | G56: =G28 -> 500.3006
B57: 포장재비 | F57: =F38 -> 120 | G57: =G38 -> 120
B58: 제조경비 | F58: =F53 -> 60 | G58: =G53 -> 60
A59: ★ 제조원가 합계 | F59: =F56+F57+F58 -> 680.3006 | G59: =G56+G57+G58 -> 680.3006
B60: 소비자가(원) | F60: 1500
B61: 원가율(%) | F61: =IF(F60>0,F59/F60*100,"") -> 45.353373 | G61: =IF(F61<40,"✅ 양호",IF(F61<50,"ℹ️ 보통","⚠️ 원가율 높음")) -> ℹ️ 보통

Sheet 자재SPEC참조
B1: 당류 Bx,감미 | H1: 부자재 Bx, 산도
B2: 당류 | C2: Bx | D2: 감미도 | E2: 감미료 | F2: 감미도 | H2: 안정제 | I2: Bx | J2: 부자재 | K2: Bx | L2: 산도
B3: 백설탕 | C3: 100 | D3: 1 | E3: 사카린 | F3: 300 | H3: 전분 | I3: 90 | J3: 구연산 | K3: 80 | L3: 100
B4: 함수결정포도당 | C4: 90 | D4: 0.6 | E4: 아세설팜 | F4: 200 | H4: 펙틴 | I4: 95 | J4: 사과산 | K4: 85 | L4: 95
B5: 물엿 | C5: 82 | D5: 0.4 | E5: 수크랄로스 | F5: 600 | H5: 검류 | I5: 80 | J5: 글루코노델타락톤 | K5: 100 | L5: 55
B6: 프락토올리고당 | C6: 75 | D6: 0.6 | E6: 네오헤스피리딘 디히드로칼콘 | F6: 1500 | J6: 비타민C | K6: 100 | L6: 40
B7: 갈락토올리고당 | C7: 75 | D7: 0.4 | E7: 스테비아 감미료 | F7: 200 | J7: 구연산삼나트륨 | K7: 100
B8: 이소말토올리고당 | C8: 75 | D8: 0.5 | E8: 소마틴 | F8: 2500 | J8: 칼슘제제 | K8: 80
B9: 액상과당 | C9: 75 | D9: 1 | E9: 감초감미료(글리시리진) | F9: 100 | J9: 복합허브추출물 지 | K9: 95
B10: 말티톨 | C10: 70 | D10: 0.8 | E10: 모넬린 | F10: 3000 | J10: 향료(합성) | K10: 50
B11: D-소르비톨액 | C11: 68 | D11: 0.6 | E11: 사이클라메이트 | F11: 30 | J11: 향료(천연) | K11: 20~30
B12: 이성화당 | D12: 1 | E12: 아스파탐 | F12: 200 | J12: 색소(분말) | K12: 100
B13: 이성화유당 | D13: 0.6 | J13: 색소(액상) | K13: 60
B14: 말토스 | D14: 0.4
B15: 트레할로스 | D15: 0.4
B16: 결정과당 | D16: 1.2
B17: 말토올리고당 | D17: 0.2
B18: 파라티노스올리고당 | D18: 0.3
B19: 파라티노스 | D19: 0.5
B20: 파라티니톨 | D20: 0.1
B21: 에리스리톨 | D21: 0.7
B22: 환원물엿 | D22: 0.6
B23: 락티톨 | D23: 0.3
B24: 자이리톨 | D24: 0.5
B25: 과당 | D25: 0.7

Sheet 과일Brix참조
B1: Type of Juice | C1: 과일 이름 | D1: s/s Brix Value | G1: Type of Juice | H1: 과일 이름 | I1: s/s Brix Value
D2: 한국기준 | E2: FDA | I2: 한국기준 | J2: FDA
B3: Apple | C3: 사과 | D3: 10 이상 | E3: 11.5 | G3: Date | H3: 대추야자 | J3: 18.5
B4: Apricot | C4: 살구 | D4: 7 이상 | E4: 11.7 | G4: Dewberry | H4: 듀베리 | J4: 10
B5: Lemon | C5: 레몬 | D5: 7 이상 | E5: 4.5 | G5: Elderberry | H5: 엘더베리 | J5: 11
B6: Lime | C6: 라임 | D6: 10 이상 | E6: 4.5 | G6: Fig | H6: 무화과 | J6: 18.2
B7: Papaya | C7: 파파야 | D7: 9 이상 | E7: 11.5 | G7: Gooseberry | H7: 구스베리 | J7: 8.3
B8: Peach | C8: 복숭아 | D8: 7 이상 | E8: 10.5 | G8: Grape | H8: 포도 | J8: 16
B9: Pear | C9: 배 | D9: 8 이상 | E9: 12 | G9: Honeydew melon | H9: 멜론(허니듀) | J9: 9.6
B10: Plum | C10: 자두 | D10: 6 이상 | E10: 14.3 | G10: Kiwi | H10: 키위(양다래) | J10: 15.4
B11: Strawberry | C11: 딸기 | D11: 7 이상 | E11: 8 | G11: Grapefriut | H11: 자몽 | J11: 10
B12: Watermelon | C12: 수박 | D12: 9 이상 | E12: 7.8 | G12: Guava | H12: 구아바 | J12: 7.7
B13: Acerola | C13: 아세롤라 | E13: 6 | G13: Loganberry | H13: 로건베리 | J13: 10.5
B14: Asparagus | C14: 아스파라거스 | G14: Mango | H14: 망고 | J14: 13
B15: Banana | C15: 바나나 | E15: 22 | G15: Nectarine | H15: 천도복숭아 | J15: 11.8
B16: Beet (Red) | C16: 빨강사탕무우 | G16: Orange | H16: 오렌지 | J16: 11.8
B17: Bell Pepper (Red) | C17: 벨페퍼 | G17: Passion Fruit | H17: 패션프룻 | J17: 14
B18: Bilberry | C18: 빌베리 | G18: Pineapple | H18: 파인애플 | J18: 12.8
B19: Blackberry | C19: 블랙베리 | E19: 10 | G19: Pomegranate | H19: 석류 | J19: 16
B20: Blueberry | C20: 블루베리 | E20: 10 | G20: Prune | H20: 푸룬 | J20: 18.5
B21: Boysenberry | C21: 보이젠베리 | E21: 10 | G21: Quince | H21: 모과 | J21: 13.3
B22: Cantaloupe Melon | E22: 9.6 | G22: Raisin | H22: 건포도 | J22: 18.5
B23: Carambola (Strafruit) | C23: 스타프룻 | E23: 7.8 | G23: Raspberry (Black) | H23: 라스베리(블랙) | J23: 11.1
B24: Carrot | C24: 당근 | E24: 8 | G24: Raspberry (Red) | H24: 라스베리 | J24: 9.2
B25: Casaba Melon | C25: 멜론(카싸바) | E25: 7.5 | G25: Red Date | H25: 대추 | J25: 18.5
B26: Cashew (Caju) | C26: 캐쉬넛 | E26: 12 | G26: Rhubarb | H26: 러밥 | J26: 5.7
B27: Celery | C27: 샐러리 | E27: 3.1 | G27: Soursop | H27: 샤워솝 | J27: 16
B28: Cherry (Dark Sweet) | C28: 버찌 (DS) | E28: 20 | G28: Spinach | H28: 시금치 | J28: 3
B29: Cherry (Red Sour) | C29: 버찌 (RS) | E29: 14 | G29: Sweet Potato | H29: 고구마 | J29: 10
B30: Crab Apple | C30: 꽃사과, 야생 능금 | E30: 15.4 | G30: Tamarind | H30: 타마린드 | J30: 18
B31: Cranberry | C31: 크랜베리 | E31: 7.5 | G31: Tangerine | H31: 탠저린 | J31: 11.8
B32: Currant (Black) | C32: 까막까치밥 | E32: 11 | G32: Tomato | H32: 토마토 | J32: 5
B33: Currant (Red) | C33: 까치밥(레드) | E33: 10.5 | G33: Youngberry | H33: 영베리 | J33: 10

Sheet 가이드배합비DB
A1: 키(유형_맛_슬롯) | B1: 슬롯번호 | C1: 구분 | D1: AI추천_원료명 | E1: AI추천_배합비(%) | F1: 실제사례_원료명 | G1: 실제사례_배합비(%)
A2: 과·채음료_사과_1 | B2: 1 | C2: 원재료 | D2: 사과농축과즙(70Brix) | E2: 8 | F2: 사과농축과즙(70Brix) | G2: 3
A3: 과·채음료_사과_2 | B3: 2 | C3: 원재료 | D3: 사과페이스트 | E3: 5 | F3: 사과퓨레 | G3: 10
A4: 과·채음료_사과_3 | B4: 3 | C4: 원재료 | F4: 사과농축과즙(70Brix) | G4: 3
A5: 과·채음료_사과_4 | B5: 4 | C5: 원재료
A6: 과·채음료_사과_5 | B6: 5 | C6: 당류 | D6: 액상과당(HFCS55) | E6: 7 | F6: 프락토올리고당(FOS) | G6: 8.5
A7: 과·채음료_사과_6 | B7: 6 | C7: 당류 | D7: 백설탕(정제당) | E7: 2
A8: 과·채음료_사과_7 | B8: 7 | C8: 당류
A9: 과·채음료_사과_8 | B9: 8 | C9: 당류
A10: 과·채음료_사과_9 | B10: 9 | C10: 안정제 | D10: 펙틴(HM/고메톡실) | E10: 0.15 | F10: 펙틴(HM/고메톡실) | G10: 0.15
A11: 과·채음료_사과_10 | B11: 10 | C11: 안정제
A12: 과·채음료_사과_11 | B12: 11 | C12: 안정제
A13: 과·채음료_사과_12 | B13: 12 | C13: 안정제
A14: 과·채음료_사과_13 | B14: 13 | C14: 기타 | D14: 구연산(무수) | E14: 0.15 | F14: 구연산(무수) | G14: 0.16
A15: 과·채음료_사과_14 | B15: 14 | C15: 기타 | D15: 사과향 | E15: 0.1 | F15: 니코틴산아미드 | G15: 0.003
A16: 과·채음료_사과_15 | B16: 15 | C16: 기타 | D16: 아스코르빈산(비타민C) | E16: 0.05 | F16: 아스코르빈산(비타민C) | G16: 0.04
A17: 과·채음료_사과_16 | B17: 16 | C17: 기타 | D17: 베타카로틴(합성) | E17: 0.02
A18: 과·채음료_사과_17 | B18: 17 | C18: 기타
A19: 과·채음료_사과_18 | B19: 18 | C19: 기타
A20: 과·채음료_사과_19 | B20: 19 | C20: 기타
A21: 과·채음료_사과_20 | B21: 20 | C21: 정제수 | D21: 정제수 | E21: 77.53 | F21: 정제수 | G21: 75.15
A22: 과·채음료_딸기_1 | B22: 1 | C22: 원재료 | D22: 딸기농축과즙(65Brix) | E22: 3 | F22: 딸기농축과즙(65Brix) | G22: 4.2
A23: 과·채음료_딸기_2 | B23: 2 | C23: 원재료 | D23: 딸기퓨레 | E23: 17 | F23: 냉동딸기 | G23: 20
A24: 과·채음료_딸기_3 | B24: 3 | C24: 원재료
A25: 과·채음료_딸기_4 | B25: 4 | C25: 원재료
A26: 과·채음료_딸기_5 | B26: 5 | C26: 당류 | D26: 백설탕(정제당) | E26: 4 | F26: 백설탕(정제당) | G26: 45.5
A27: 과·채음료_딸기_6 | B27: 6 | C27: 당류 | D27: 액상과당(HFCS55) | E27: 5 | F27: 물엿(DE42) | G27: 5
A28: 과·채음료_딸기_7 | B28: 7 | C28: 당류
A29: 과·채음료_딸기_8 | B29: 8 | C29: 당류
A30: 과·채음료_딸기_9 | B30: 9 | C30: 안정제 | D30: 펙틴(HM/고메톡실) | E30: 0.15 | F30: 아미드펙틴(YF575) | G30: 1.4
A31: 과·채음료_딸기_10 | B31: 10 | C31: 안정제 | D31: 로커스트빈검 | E31: 0.05 | F31: 전분(가공) | G31: 1
A32: 과·채음료_딸기_11 | B32: 11 | C32: 안정제 | F32: 로커스트빈검 | G32: 0.175
A33: 과·채음료_딸기_12 | B33: 12 | C33: 안정제
A34: 과·채음료_딸기_13 | B34: 13 | C34: 기타 | D34: 구연산(무수) | E34: 0.2 | F34: 구연산(무수) | G34: 0.2
A35: 과·채음료_딸기_14 | B35: 14 | C35: 기타 | D35: 딸기향(수용성) | E35: 0.1 | F35: 딸기향(수용성) | G35: 0.5
A36: 과·채음료_딸기_15 | B36: 15 | C36: 기타 | D36: 아스코르빈산(비타민C) | E36: 0.05 | F36: 아스코르빈산(비타민C) | G36: 0.1
A37: 과·채음료_딸기_16 | B37: 16 | C37: 기타 | D37: 적색소(합성) | E37: 0.02 | F37: 적색소(합성) | G37: 0.1
A38: 과·채음료_딸기_17 | B38: 17 | C38: 기타 | D38: 구연산삼나트륨 | E38: 0.03 | F38: 구연산삼나트륨 | G38: 0.05
A39: 과·채음료_딸기_18 | B39: 18 | C39: 기타 | F39: 식이섬유 | G39: 0.5
A40: 과·채음료_딸기_19 | B40: 19 | C40: 기타 | F40: 혼합제제(폼크린200) | G40: 0.01
A41: 과·채음료_딸기_20 | B41: 20 | C41: 정제수 | D41: 정제수 | E41: 70.4 | F41: 정제수 | G41: 21.27
A42: 과·채음료_포도_1 | B42: 1 | C42: 원재료 | D42: 포도농축과즙(65Brix) | E42: 5 | F42: 포도농축과즙(65Brix) | G42: 6
A43: 과·채음료_포도_2 | B43: 2 | C43: 원재료 | D43: 포도과립 | E43: 3 | F43: 포도과립 | G43: 2
A44: 과·채음료_포도_3 | B44: 3 | C44: 원재료
A45: 과·채음료_포도_4 | B45: 4 | C45: 원재료
A46: 과·채음료_포도_5 | B46: 5 | C46: 당류 | D46: 액상과당(HFCS55) | E46: 7 | F46: 액상과당(HFCS55) | G46: 8
A47: 과·채음료_포도_6 | B47: 6 | C47: 당류 | D47: 백설탕(정제당) | E47: 1.5 | F47: 백설탕(정제당) | G47: 1
A48: 과·채음료_포도_7 | B48: 7 | C48: 당류
A49: 과·채음료_포도_8 | B49: 8 | C49: 당류
A50: 과·채음료_포도_9 | B50: 9 | C50: 안정제 | D50: 펙틴(HM/고메톡실) | E50: 0.1 | F50: 펙틴(HM/고메톡실) | G50: 0.12
A51: 과·채음료_포도_10 | B51: 10 | C51: 안정제
A52: 과·채음료_포도_11 | B52: 11 | C52: 안정제
A53: 과·채음료_포도_12 | B53: 12 | C53: 안정제
A54: 과·채음료_포도_13 | B54: 13 | C54: 기타 | D54: 구연산(무수) | E54: 0.15 | F54: 구연산(무수) | G54: 0.18
A55: 과·채음료_포도_14 | B55: 14 | C55: 기타 | D55: 포도향(수용성) | E55: 0.1 | F55: 포도향(수용성) | G55: 0.08
A56: 과·채음료_포도_15 | B56: 15 | C56: 기타 | D56: 아스코르빈산(비타민C) | E56: 0.05 | F56: 아스코르빈산(비타민C) | G56: 0.04
A57: 과·채음료_포도_16 | B57: 16 | C57: 기타 | D57: 적포도색소 | E57: 0.02 | F57: 적포도색소 | G57: 0.03
A58: 과·채음료_포도_17 | B58: 17 | C58: 기타
A59: 과·채음료_포도_18 | B59: 18 | C59: 기타
A60: 과·채음료_포도_19 | B60: 19 | C60: 기타
A61: 과·채음료_포도_20 | B61: 20 | C61: 정제수 | D61: 정제수 | E61: 83.08 | F61: 정제수 | G61: 82.55
A62: 과·채음료_오렌지_1 | B62: 1 | C62: 원재료 | D62: 오렌지농축과즙(65Brix) | E62: 12 | F62: 오렌지농축과즙(65Brix) | G62: 10
A63: 과·채음료_오렌지_2 | B63: 2 | C63: 원재료 | D63: 오렌지과육 | E63: 3 | F63: 오렌지과육 | G63: 5
A64: 과·채음료_오렌지_3 | B64: 3 | C64: 원재료
A65: 과·채음료_오렌지_4 | B65: 4 | C65: 원재료
A66: 과·채음료_오렌지_5 | B66: 5 | C66: 당류 | D66: 액상과당(HFCS55) | E66: 9 | F66: 액상과당(HFCS55) | G66: 8
A67: 과·채음료_오렌지_6 | B67: 6 | C67: 당류 | F67: 백설탕(정제당) | G67: 1.5
A68: 과·채음료_오렌지_7 | B68: 7 | C68: 당류
A69: 과·채음료_오렌지_8 | B69: 8 | C69: 당류
A70: 과·채음료_오렌지_9 | B70: 9 | C70: 안정제 | D70: 펙틴(HM/고메톡실) | E70: 0.15 | F70: 펙틴(HM/고메톡실) | G70: 0.15
A71: 과·채음료_오렌지_10 | B71: 10 | C71: 안정제
A72: 과·채음료_오렌지_11 | B72: 11 | C72: 안정제
A73: 과·채음료_오렌지_12 | B73: 12 | C73: 안정제
A74: 과·채음료_오렌지_13 | B74: 13 | C74: 기타 | D74: 구연산(무수) | E74: 0.3 | F74: 구연산(무수) | G74: 0.25
A75: 과·채음료_오렌지_14 | B75: 14 | C75: 기타 | D75: 오렌지향(수용성) | E75: 0.15 | F75: 오렌지향(수용성) | G75: 0.1
A76: 과·채음료_오렌지_15 | B76: 15 | C76: 기타 | D76: 아스코르빈산(비타민C) | E76: 0.05 | F76: 아스코르빈산(비타민C) | G76: 0.05
A77: 과·채음료_오렌지_16 | B77: 16 | C77: 기타 | D77: 베타카로틴(합성) | E77: 0.02 | F77: 베타카로틴(합성) | G77: 0.02
A78: 과·채음료_오렌지_17 | B78: 17 | C78: 기타
A79: 과·채음료_오렌지_18 | B79: 18 | C79: 기타
A80: 과·채음료_오렌지_19 | B80: 19 | C80: 기타
A81: 과·채음료_오렌지_20 | B81: 20 | C81: 정제수 | D81: 정제수 | E81: 75.33 | F81: 정제수 | G81: 74.93
A82: 과·채음료_복숭아_1 | B82: 1 | C82: 원재료 | D82: 백도농축과즙(60Brix) | E82: 5 | F82: 백도농축과즙(60Brix) | G82: 4
A83: 과·채음료_복숭아_2 | B83: 2 | C83: 원재료 | D83: 백도퓨레 | E83: 8 | F83: 백도퓨레 | G83: 10
A84: 과·채음료_복숭아_3 | B84: 3 | C84: 원재료
A85: 과·채음료_복숭아_4 | B85: 4 | C85: 원재료
A86: 과·채음료_복숭아_5 | B86: 5 | C86: 당류 | D86: 액상과당(HFCS55) | E86: 7 | F86: 액상과당(HFCS55) | G86: 7.5
A87: 과·채음료_복숭아_6 | B87: 6 | C87: 당류 | D87: 백설탕(정제당) | E87: 1.5 | F87: 백설탕(정제당) | G87: 1
A88: 과·채음료_복숭아_7 | B88: 7 | C88: 당류
A89: 과·채음료_복숭아_8 | B89: 8 | C89: 당류
A90: 과·채음료_복숭아_9 | B90: 9 | C90: 안정제 | D90: 펙틴(HM/고메톡실) | E90: 0.12 | F90: 펙틴(HM/고메톡실) | G90: 0.15
A91: 과·채음료_복숭아_10 | B91: 10 | C91: 안정제
A92: 과·채음료_복숭아_11 | B92: 11 | C92: 안정제
A93: 과·채음료_복숭아_12 | B93: 12 | C93: 안정제
A94: 과·채음료_복숭아_13 | B94: 13 | C94: 기타 | D94: 구연산(무수) | E94: 0.15 | F94: 구연산(무수) | G94: 0.12
A95: 과·채음료_복숭아_14 | B95: 14 | C95: 기타 | D95: 복숭아향(수용성) | E95: 0.15 | F95: 복숭아향(수용성) | G95: 0.12
A96: 과·채음료_복숭아_15 | B96: 15 | C96: 기타 | D96: 아스코르빈산(비타민C) | E96: 0.05 | F96: 아스코르빈산(비타민C) | G96: 0.05
A97: 과·채음료_복숭아_16 | B97: 16 | C97: 기타 | D97: 황색4호 | E97: 0.01
A98: 과·채음료_복숭아_17 | B98: 17 | C98: 기타
A99: 과·채음료_복숭아_18 | B99: 18 | C99: 기타
A100: 과·채음료_복숭아_19 | B100: 19 | C100: 기타
...
